{
    "entity": {
        "precision": 0.79,
        "recall": 0.6710079275198187,
        "f1": 0.7256582976117575,
        "tp": 1185,
        "fp": 315,
        "fn": 581,
        "bertscore": {
            "precision": 0.9632631753085552,
            "recall": 0.9671059207041118,
            "f1": 0.9648978554442499
        }
    },
    "relation": {
        "precision": 0.31446540880503143,
        "recall": 0.2579535683576956,
        "f1": 0.2834199338686821,
        "tp": 300,
        "fp": 654,
        "fn": 863,
        "bertscore": {
            "precision": 0.9156560575727611,
            "recall": 0.9099194027325879,
            "f1": 0.9123915473145853
        }
    }
}