{
    "materials": {
        "precision": 0.544,
        "recall": 0.5930232558139535,
        "f1": 0.5674547983310153,
        "tp": 204,
        "fp": 171,
        "fn": 140,
        "bertscore": {
            "precision": 0.8281764516075337,
            "recall": 0.8305555569359806,
            "f1": 0.8291623065649948
        }
    },
    "operations": {
        "precision": 0.8231511254019293,
        "recall": 0.8504983388704319,
        "f1": 0.8366013071895424,
        "tp": 256,
        "fp": 55,
        "fn": 45,
        "bertscore": {
            "precision": 0.94911259885469,
            "recall": 0.9461624775623582,
            "f1": 0.9475399650049956
        }
    },
    "descriptors": {
        "precision": 0.4588235294117647,
        "recall": 0.5182724252491694,
        "f1": 0.4867394695787831,
        "tp": 156,
        "fp": 184,
        "fn": 145,
        "bertscore": {
            "precision": 0.6794765810543221,
            "recall": 0.6745155238879493,
            "f1": 0.6764664101063462
        }
    },
    "values": {
        "precision": 0.36199095022624433,
        "recall": 0.48484848484848486,
        "f1": 0.41450777202072536,
        "tp": 80,
        "fp": 141,
        "fn": 85,
        "bertscore": {
            "precision": 0.3739396922973712,
            "recall": 0.3773165791674367,
            "f1": 0.3752474154963894
        }
    },
    "properties": {
        "precision": 0.8321167883211679,
        "recall": 0.5588235294117647,
        "f1": 0.6686217008797655,
        "tp": 114,
        "fp": 23,
        "fn": 90,
        "bertscore": {
            "precision": 0.4426936483223166,
            "recall": 0.4422439626465975,
            "f1": 0.44242699580971295
        }
    },
    "devices": {
        "precision": 0.2978723404255319,
        "recall": 0.3218390804597701,
        "f1": 0.30939226519337015,
        "tp": 28,
        "fp": 66,
        "fn": 59,
        "bertscore": {
            "precision": 0.33779781503432016,
            "recall": 0.35667771827721223,
            "f1": 0.34660913246856706
        }
    },
    "brands": {
        "precision": 0.75,
        "recall": 0.8333333333333334,
        "f1": 0.7894736842105262,
        "tp": 15,
        "fp": 5,
        "fn": 3,
        "bertscore": {
            "precision": 0.08377978925736959,
            "recall": 0.08010395201260612,
            "f1": 0.08171059281233974
        }
    },
    "relation": {
        "precision": 0.4091218515997277,
        "recall": 0.43997071742313326,
        "f1": 0.42398589065255726,
        "tp": 601,
        "fp": 868,
        "fn": 765,
        "bertscore": {
            "precision": 0.9099273766384455,
            "recall": 0.910615643184933,
            "f1": 0.9097764359929172
        }
    }
}