{
    "materials": {
        "precision": 0.44594594594594594,
        "recall": 0.4796511627906977,
        "f1": 0.4621848739495798,
        "tp": 165,
        "fp": 205,
        "fn": 179,
        "bertscore": {
            "precision": 0.804115896700346,
            "recall": 0.816573096061713,
            "f1": 0.8096800391539365
        }
    },
    "operations": {
        "precision": 0.8214285714285714,
        "recall": 0.840531561461794,
        "f1": 0.8308702791461411,
        "tp": 253,
        "fp": 55,
        "fn": 48,
        "bertscore": {
            "precision": 0.9481680775315438,
            "recall": 0.9485345394552688,
            "f1": 0.9482459979302665
        }
    },
    "descriptors": {
        "precision": 0.525,
        "recall": 0.4883720930232558,
        "f1": 0.5060240963855422,
        "tp": 147,
        "fp": 133,
        "fn": 154,
        "bertscore": {
            "precision": 0.6804165230168059,
            "recall": 0.6800013947940245,
            "f1": 0.6796652413854662
        }
    },
    "values": {
        "precision": 0.3188976377952756,
        "recall": 0.4909090909090909,
        "f1": 0.3866348448687351,
        "tp": 81,
        "fp": 173,
        "fn": 84,
        "bertscore": {
            "precision": 0.3997736150586365,
            "recall": 0.4045949377383848,
            "f1": 0.4017822017900934
        }
    },
    "properties": {
        "precision": 0.7658227848101266,
        "recall": 0.5931372549019608,
        "f1": 0.6685082872928176,
        "tp": 121,
        "fp": 37,
        "fn": 83,
        "bertscore": {
            "precision": 0.45001724779072494,
            "recall": 0.4498957677575566,
            "f1": 0.44972349773317377
        }
    },
    "devices": {
        "precision": 0.28,
        "recall": 0.3218390804597701,
        "f1": 0.2994652406417112,
        "tp": 28,
        "fp": 72,
        "fn": 59,
        "bertscore": {
            "precision": 0.33740062014901934,
            "recall": 0.35904109571337434,
            "f1": 0.34747009382685295
        }
    },
    "brands": {
        "precision": 0.7142857142857143,
        "recall": 0.8333333333333334,
        "f1": 0.7692307692307692,
        "tp": 15,
        "fp": 6,
        "fn": 3,
        "bertscore": {
            "precision": 0.08377978925736959,
            "recall": 0.08010395201260612,
            "f1": 0.08171059281233974
        }
    },
    "relation": {
        "precision": 0.312125748502994,
        "recall": 0.3052708638360176,
        "f1": 0.3086602516654331,
        "tp": 417,
        "fp": 919,
        "fn": 949,
        "bertscore": {
            "precision": 0.8842066467786174,
            "recall": 0.8972798138051395,
            "f1": 0.8899981519956602
        }
    }
}