{
    "materials": {
        "precision": 0.44314868804664725,
        "recall": 0.4418604651162791,
        "f1": 0.4425036390101893,
        "tp": 152,
        "fp": 191,
        "fn": 192,
        "bertscore": {
            "precision": 0.7941697242676012,
            "recall": 0.8012108261853257,
            "f1": 0.797240750918319
        }
    },
    "operations": {
        "precision": 0.8239202657807309,
        "recall": 0.8239202657807309,
        "f1": 0.8239202657807309,
        "tp": 248,
        "fp": 53,
        "fn": 53,
        "bertscore": {
            "precision": 0.9418380707569037,
            "recall": 0.9384791635293555,
            "f1": 0.9399938579573728
        }
    },
    "descriptors": {
        "precision": 0.5349794238683128,
        "recall": 0.4318936877076412,
        "f1": 0.47794117647058826,
        "tp": 130,
        "fp": 113,
        "fn": 171,
        "bertscore": {
            "precision": 0.6663467964403315,
            "recall": 0.6616252997777606,
            "f1": 0.6635073209168927
        }
    },
    "values": {
        "precision": 0.3269230769230769,
        "recall": 0.4121212121212121,
        "f1": 0.3646112600536193,
        "tp": 68,
        "fp": 140,
        "fn": 97,
        "bertscore": {
            "precision": 0.3551474046320457,
            "recall": 0.3568974493781611,
            "f1": 0.35579909270860854
        }
    },
    "properties": {
        "precision": 0.5777777777777777,
        "recall": 0.38235294117647056,
        "f1": 0.4601769911504424,
        "tp": 78,
        "fp": 57,
        "fn": 126,
        "bertscore": {
            "precision": 0.42507468920692765,
            "recall": 0.4249045801842773,
            "f1": 0.4249574510043099
        }
    },
    "devices": {
        "precision": 0.26881720430107525,
        "recall": 0.28735632183908044,
        "f1": 0.27777777777777773,
        "tp": 25,
        "fp": 68,
        "fn": 62,
        "bertscore": {
            "precision": 0.33362979130190223,
            "recall": 0.3547270231999007,
            "f1": 0.3433334948099166
        }
    },
    "brands": {
        "precision": 0.7,
        "recall": 0.7777777777777778,
        "f1": 0.7368421052631577,
        "tp": 14,
        "fp": 6,
        "fn": 4,
        "bertscore": {
            "precision": 0.08325471047320356,
            "recall": 0.07992088334672404,
            "f1": 0.08134098961049278
        }
    },
    "relation": {
        "precision": 0.3704035874439462,
        "recall": 0.30234260614934116,
        "f1": 0.3329302700523982,
        "tp": 413,
        "fp": 702,
        "fn": 953,
        "bertscore": {
            "precision": 0.9014476263261658,
            "recall": 0.907127297386821,
            "f1": 0.9037122104154699
        }
    }
}