{
    "materials": {
        "precision": 0.45558739255014324,
        "recall": 0.4622093023255814,
        "f1": 0.4588744588744589,
        "tp": 159,
        "fp": 190,
        "fn": 185,
        "bertscore": {
            "precision": 0.8031460600878035,
            "recall": 0.8031461292665277,
            "f1": 0.8028834198545289
        }
    },
    "operations": {
        "precision": 0.7913907284768212,
        "recall": 0.7940199335548173,
        "f1": 0.7927031509121062,
        "tp": 239,
        "fp": 63,
        "fn": 62,
        "bertscore": {
            "precision": 0.9366474517706525,
            "recall": 0.9371413135621905,
            "f1": 0.9366848779938098
        }
    },
    "descriptors": {
        "precision": 0.4059040590405904,
        "recall": 0.3654485049833887,
        "f1": 0.3846153846153846,
        "tp": 110,
        "fp": 161,
        "fn": 191,
        "bertscore": {
            "precision": 0.6800850970366391,
            "recall": 0.6759900109279876,
            "f1": 0.6774148905703953
        }
    },
    "values": {
        "precision": 0.27705627705627706,
        "recall": 0.3878787878787879,
        "f1": 0.3232323232323232,
        "tp": 64,
        "fp": 167,
        "fn": 101,
        "bertscore": {
            "precision": 0.3737054919422187,
            "recall": 0.37669615474380447,
            "f1": 0.3748638309812195
        }
    },
    "properties": {
        "precision": 0.5163398692810458,
        "recall": 0.3872549019607843,
        "f1": 0.44257703081232497,
        "tp": 79,
        "fp": 74,
        "fn": 125,
        "bertscore": {
            "precision": 0.45134291702868956,
            "recall": 0.447691575259437,
            "f1": 0.4493595166694398
        }
    },
    "devices": {
        "precision": 0.26,
        "recall": 0.2988505747126437,
        "f1": 0.27807486631016043,
        "tp": 26,
        "fp": 74,
        "fn": 61,
        "bertscore": {
            "precision": 0.34446568083709783,
            "recall": 0.36551599981267446,
            "f1": 0.3542280435828821
        }
    },
    "brands": {
        "precision": 0.6818181818181818,
        "recall": 0.8333333333333334,
        "f1": 0.7499999999999999,
        "tp": 15,
        "fp": 7,
        "fn": 3,
        "bertscore": {
            "precision": 0.08386974746748906,
            "recall": 0.08051067130677653,
            "f1": 0.08198885729648923
        }
    },
    "relation": {
        "precision": 0.253199268738574,
        "recall": 0.2027818448023426,
        "f1": 0.22520325203252028,
        "tp": 277,
        "fp": 817,
        "fn": 1089,
        "bertscore": {
            "precision": 0.8844108813407688,
            "recall": 0.8909982266351629,
            "f1": 0.887183578273015
        }
    }
}