{
    "materials": {
        "precision": 0.5795795795795796,
        "recall": 0.561046511627907,
        "f1": 0.5701624815361891,
        "tp": 193,
        "fp": 140,
        "fn": 151,
        "bertscore": {
            "precision": 0.8196806678702634,
            "recall": 0.8180713333206155,
            "f1": 0.8185596787156141
        }
    },
    "operations": {
        "precision": 0.8497854077253219,
        "recall": 0.6578073089700996,
        "f1": 0.7415730337078651,
        "tp": 198,
        "fp": 35,
        "fn": 103,
        "bertscore": {
            "precision": 0.926469690994395,
            "recall": 0.9270037850010849,
            "f1": 0.9266078940573954
        }
    },
    "descriptors": {
        "precision": 0.6146788990825688,
        "recall": 0.44518272425249167,
        "f1": 0.5163776493256262,
        "tp": 134,
        "fp": 84,
        "fn": 167,
        "bertscore": {
            "precision": 0.6514642188879733,
            "recall": 0.6507655753918675,
            "f1": 0.6509005792588995
        }
    },
    "values": {
        "precision": 0.4177777777777778,
        "recall": 0.5696969696969697,
        "f1": 0.48205128205128206,
        "tp": 94,
        "fp": 131,
        "fn": 71,
        "bertscore": {
            "precision": 0.4415664209148761,
            "recall": 0.4421087406092309,
            "f1": 0.4418007540089439
        }
    },
    "properties": {
        "precision": 0.5853658536585366,
        "recall": 0.47058823529411764,
        "f1": 0.5217391304347826,
        "tp": 96,
        "fp": 68,
        "fn": 108,
        "bertscore": {
            "precision": 0.49989414395101917,
            "recall": 0.49951642451670347,
            "f1": 0.4996576286202309
        }
    },
    "devices": {
        "precision": 0.6590909090909091,
        "recall": 0.6666666666666666,
        "f1": 0.6628571428571428,
        "tp": 58,
        "fp": 30,
        "fn": 29,
        "bertscore": {
            "precision": 0.37152895984767004,
            "recall": 0.3728739743931448,
            "f1": 0.3721629811880039
        }
    },
    "brands": {
        "precision": 0.5151515151515151,
        "recall": 0.9444444444444444,
        "f1": 0.6666666666666666,
        "tp": 17,
        "fp": 16,
        "fn": 1,
        "bertscore": {
            "precision": 0.08647899052974095,
            "recall": 0.08616363075488899,
            "f1": 0.08630233316346837
        }
    },
    "relation": {
        "precision": 0.3322475570032573,
        "recall": 0.2240117130307467,
        "f1": 0.2675994752951465,
        "tp": 306,
        "fp": 615,
        "fn": 1060,
        "bertscore": {
            "precision": 0.8816410010797398,
            "recall": 0.8880065192819504,
            "f1": 0.8841174177783855
        }
    }
}