{
    "materials": {
        "precision": 0.4835164835164835,
        "recall": 0.5116279069767442,
        "f1": 0.4971751412429378,
        "tp": 176,
        "fp": 188,
        "fn": 168,
        "bertscore": {
            "precision": 0.82704848617782,
            "recall": 0.8311206951237365,
            "f1": 0.8288219090676148
        }
    },
    "operations": {
        "precision": 0.8158730158730159,
        "recall": 0.8538205980066446,
        "f1": 0.8344155844155844,
        "tp": 257,
        "fp": 58,
        "fn": 44,
        "bertscore": {
            "precision": 0.9481613852633727,
            "recall": 0.9462766931627687,
            "f1": 0.9471267519047862
        }
    },
    "descriptors": {
        "precision": 0.46855345911949686,
        "recall": 0.4950166112956811,
        "f1": 0.481421647819063,
        "tp": 149,
        "fp": 169,
        "fn": 152,
        "bertscore": {
            "precision": 0.6962359847338407,
            "recall": 0.689059621188998,
            "f1": 0.6920623844168597
        }
    },
    "values": {
        "precision": 0.26765799256505574,
        "recall": 0.43636363636363634,
        "f1": 0.3317972350230415,
        "tp": 72,
        "fp": 197,
        "fn": 93,
        "bertscore": {
            "precision": 0.4042978723177174,
            "recall": 0.40879820071687023,
            "f1": 0.4061202740737827
        }
    },
    "properties": {
        "precision": 0.5748502994011976,
        "recall": 0.47058823529411764,
        "f1": 0.5175202156334231,
        "tp": 96,
        "fp": 71,
        "fn": 108,
        "bertscore": {
            "precision": 0.44733792760761526,
            "recall": 0.44812239380490854,
            "f1": 0.44759245397527214
        }
    },
    "devices": {
        "precision": 0.27722772277227725,
        "recall": 0.3218390804597701,
        "f1": 0.2978723404255319,
        "tp": 28,
        "fp": 73,
        "fn": 59,
        "bertscore": {
            "precision": 0.3352308360655569,
            "recall": 0.3553416247602544,
            "f1": 0.34459570383598875
        }
    },
    "brands": {
        "precision": 0.6521739130434783,
        "recall": 0.8333333333333334,
        "f1": 0.7317073170731708,
        "tp": 15,
        "fp": 8,
        "fn": 3,
        "bertscore": {
            "precision": 0.08377978925736959,
            "recall": 0.08010395201260612,
            "f1": 0.08171059281233974
        }
    },
    "relation": {
        "precision": 0.33773453787352326,
        "recall": 0.3557833089311859,
        "f1": 0.34652406417112297,
        "tp": 486,
        "fp": 953,
        "fn": 880,
        "bertscore": {
            "precision": 0.8993454015132987,
            "recall": 0.9000494933983737,
            "f1": 0.8991224012935266
        }
    }
}