{
    "materials": {
        "precision": 0.5759312320916905,
        "recall": 0.5843023255813954,
        "f1": 0.5800865800865801,
        "tp": 201,
        "fp": 148,
        "fn": 143,
        "bertscore": {
            "precision": 0.8285926197846883,
            "recall": 0.8314146158326812,
            "f1": 0.8297613262644437
        }
    },
    "operations": {
        "precision": 0.8311258278145696,
        "recall": 0.8338870431893688,
        "f1": 0.8325041459369819,
        "tp": 251,
        "fp": 51,
        "fn": 50,
        "bertscore": {
            "precision": 0.9481643394002445,
            "recall": 0.9460265112736616,
            "f1": 0.9470102332315723
        }
    },
    "descriptors": {
        "precision": 0.49504950495049505,
        "recall": 0.4983388704318937,
        "f1": 0.4966887417218543,
        "tp": 150,
        "fp": 153,
        "fn": 151,
        "bertscore": {
            "precision": 0.6759552092198252,
            "recall": 0.672766066122337,
            "f1": 0.6738873112531241
        }
    },
    "values": {
        "precision": 0.46511627906976744,
        "recall": 0.48484848484848486,
        "f1": 0.47477744807121663,
        "tp": 80,
        "fp": 92,
        "fn": 85,
        "bertscore": {
            "precision": 0.35227959383720786,
            "recall": 0.35540808375059285,
            "f1": 0.3534588528921445
        }
    },
    "properties": {
        "precision": 0.8561151079136691,
        "recall": 0.5833333333333334,
        "f1": 0.6938775510204082,
        "tp": 119,
        "fp": 20,
        "fn": 85,
        "bertscore": {
            "precision": 0.4377510821992652,
            "recall": 0.43672946478829816,
            "f1": 0.43720464958440536
        }
    },
    "devices": {
        "precision": 0.3333333333333333,
        "recall": 0.3218390804597701,
        "f1": 0.32748538011695905,
        "tp": 28,
        "fp": 56,
        "fn": 59,
        "bertscore": {
            "precision": 0.33082852774285093,
            "recall": 0.35041910083235245,
            "f1": 0.3399893376117851
        }
    },
    "brands": {
        "precision": 0.6818181818181818,
        "recall": 0.8333333333333334,
        "f1": 0.7499999999999999,
        "tp": 15,
        "fp": 7,
        "fn": 3,
        "bertscore": {
            "precision": 0.08386974826755139,
            "recall": 0.08051067210683886,
            "f1": 0.08198885809655157
        }
    },
    "relation": {
        "precision": 0.43539545810493346,
        "recall": 0.40702781844802344,
        "f1": 0.4207340143776012,
        "tp": 556,
        "fp": 721,
        "fn": 810,
        "bertscore": {
            "precision": 0.9152650204562455,
            "recall": 0.9151116554084343,
            "f1": 0.9147965863560439
        }
    }
}