{
    "materials": {
        "precision": 0.48563218390804597,
        "recall": 0.49127906976744184,
        "f1": 0.4884393063583815,
        "tp": 169,
        "fp": 179,
        "fn": 175,
        "bertscore": {
            "precision": 0.80688595324088,
            "recall": 0.817050777515709,
            "f1": 0.8112468235178015
        }
    },
    "operations": {
        "precision": 0.8873239436619719,
        "recall": 0.8372093023255814,
        "f1": 0.8615384615384616,
        "tp": 252,
        "fp": 32,
        "fn": 49,
        "bertscore": {
            "precision": 0.9454691186513944,
            "recall": 0.9452635402047395,
            "f1": 0.9452876061801143
        }
    },
    "descriptors": {
        "precision": 0.5512367491166078,
        "recall": 0.5182724252491694,
        "f1": 0.5342465753424657,
        "tp": 156,
        "fp": 127,
        "fn": 145,
        "bertscore": {
            "precision": 0.6886476586562409,
            "recall": 0.6870036597886608,
            "f1": 0.6873865037856486
        }
    },
    "values": {
        "precision": 0.328,
        "recall": 0.49696969696969695,
        "f1": 0.39518072289156625,
        "tp": 82,
        "fp": 168,
        "fn": 83,
        "bertscore": {
            "precision": 0.3849513101097721,
            "recall": 0.39014036704572713,
            "f1": 0.38718643659465646
        }
    },
    "properties": {
        "precision": 0.8391608391608392,
        "recall": 0.5882352941176471,
        "f1": 0.69164265129683,
        "tp": 120,
        "fp": 23,
        "fn": 84,
        "bertscore": {
            "precision": 0.4323298902786285,
            "recall": 0.43140623333470135,
            "f1": 0.43177385998252255
        }
    },
    "devices": {
        "precision": 0.28735632183908044,
        "recall": 0.28735632183908044,
        "f1": 0.28735632183908044,
        "tp": 25,
        "fp": 62,
        "fn": 62,
        "bertscore": {
            "precision": 0.3334017217292615,
            "recall": 0.3531846542086377,
            "f1": 0.34262951115100443
        }
    },
    "brands": {
        "precision": 0.75,
        "recall": 0.8333333333333334,
        "f1": 0.7894736842105262,
        "tp": 15,
        "fp": 5,
        "fn": 3,
        "bertscore": {
            "precision": 0.08377978925736959,
            "recall": 0.08010395201260612,
            "f1": 0.08171059281233974
        }
    },
    "relation": {
        "precision": 0.35342465753424657,
        "recall": 0.28330893118594436,
        "f1": 0.3145062982527428,
        "tp": 387,
        "fp": 708,
        "fn": 979,
        "bertscore": {
            "precision": 0.8980050273891617,
            "recall": 0.9096178598134687,
            "f1": 0.9031743524418001
        }
    }
}