{
    "materials": {
        "precision": 0.5254777070063694,
        "recall": 0.4796511627906977,
        "f1": 0.5015197568389058,
        "tp": 165,
        "fp": 149,
        "fn": 179,
        "bertscore": {
            "precision": 0.8067744522686773,
            "recall": 0.8100630376496305,
            "f1": 0.8081436630596783
        }
    },
    "operations": {
        "precision": 0.8472727272727273,
        "recall": 0.7740863787375415,
        "f1": 0.8090277777777777,
        "tp": 233,
        "fp": 42,
        "fn": 68,
        "bertscore": {
            "precision": 0.9164496573692468,
            "recall": 0.9132884183986075,
            "f1": 0.914713202693585
        }
    },
    "descriptors": {
        "precision": 0.6346153846153846,
        "recall": 0.3289036544850498,
        "f1": 0.4332603938730853,
        "tp": 99,
        "fp": 57,
        "fn": 202,
        "bertscore": {
            "precision": 0.5547859274367625,
            "recall": 0.5525020738642755,
            "f1": 0.5533216325962036
        }
    },
    "values": {
        "precision": 0.3135593220338983,
        "recall": 0.4484848484848485,
        "f1": 0.3690773067331671,
        "tp": 74,
        "fp": 162,
        "fn": 91,
        "bertscore": {
            "precision": 0.3728579740529626,
            "recall": 0.3744555018092162,
            "f1": 0.37340721942034344
        }
    },
    "properties": {
        "precision": 0.6484375,
        "recall": 0.4068627450980392,
        "f1": 0.5,
        "tp": 83,
        "fp": 45,
        "fn": 121,
        "bertscore": {
            "precision": 0.38877859801654047,
            "recall": 0.3888912219595856,
            "f1": 0.3888123319453041
        }
    },
    "devices": {
        "precision": 0.28735632183908044,
        "recall": 0.28735632183908044,
        "f1": 0.28735632183908044,
        "tp": 25,
        "fp": 62,
        "fn": 62,
        "bertscore": {
            "precision": 0.3300262798265589,
            "recall": 0.3515559932262839,
            "f1": 0.33997539412521943
        }
    },
    "brands": {
        "precision": 0.7894736842105263,
        "recall": 0.8333333333333334,
        "f1": 0.8108108108108109,
        "tp": 15,
        "fp": 4,
        "fn": 3,
        "bertscore": {
            "precision": 0.08377978925736959,
            "recall": 0.08010395201260612,
            "f1": 0.08171059281233974
        }
    },
    "relation": {
        "precision": 0.40582959641255606,
        "recall": 0.26500732064421667,
        "f1": 0.320637732506643,
        "tp": 362,
        "fp": 530,
        "fn": 1004,
        "bertscore": {
            "precision": 0.9095424144810795,
            "recall": 0.9145674821655482,
            "f1": 0.9116188257316031
        }
    }
}