{
    "materials": {
        "precision": 0.5381944444444444,
        "recall": 0.45058139534883723,
        "f1": 0.49050632911392406,
        "tp": 155,
        "fp": 133,
        "fn": 189,
        "bertscore": {
            "precision": 0.7978646516733255,
            "recall": 0.7988537535038037,
            "f1": 0.798019948108351
        }
    },
    "operations": {
        "precision": 0.8714859437751004,
        "recall": 0.7209302325581395,
        "f1": 0.7890909090909091,
        "tp": 217,
        "fp": 32,
        "fn": 84,
        "bertscore": {
            "precision": 0.9033405084471308,
            "recall": 0.9022686374534165,
            "f1": 0.9026539604802527
        }
    },
    "descriptors": {
        "precision": 0.4482758620689655,
        "recall": 0.3023255813953488,
        "f1": 0.36111111111111105,
        "tp": 91,
        "fp": 112,
        "fn": 210,
        "bertscore": {
            "precision": 0.6487655740989667,
            "recall": 0.6494160445877902,
            "f1": 0.6487520129421946
        }
    },
    "values": {
        "precision": 0.3107569721115538,
        "recall": 0.4727272727272727,
        "f1": 0.375,
        "tp": 78,
        "fp": 173,
        "fn": 87,
        "bertscore": {
            "precision": 0.3900798099553025,
            "recall": 0.39258404563470706,
            "f1": 0.39108003383248174
        }
    },
    "properties": {
        "precision": 0.7288135593220338,
        "recall": 0.4215686274509804,
        "f1": 0.5341614906832298,
        "tp": 86,
        "fp": 32,
        "fn": 118,
        "bertscore": {
            "precision": 0.3845420484441505,
            "recall": 0.38317653373450505,
            "f1": 0.38380899895357606
        }
    },
    "devices": {
        "precision": 0.25,
        "recall": 0.22988505747126436,
        "f1": 0.23952095808383234,
        "tp": 20,
        "fp": 60,
        "fn": 67,
        "bertscore": {
            "precision": 0.3368194104574404,
            "recall": 0.3574125484065455,
            "f1": 0.3460905663919129
        }
    },
    "brands": {
        "precision": 0.75,
        "recall": 0.8333333333333334,
        "f1": 0.7894736842105262,
        "tp": 15,
        "fp": 5,
        "fn": 3,
        "bertscore": {
            "precision": 0.08377978925736959,
            "recall": 0.08010395201260612,
            "f1": 0.08171059281233974
        }
    },
    "relation": {
        "precision": 0.34172661870503596,
        "recall": 0.20863836017569545,
        "f1": 0.25909090909090904,
        "tp": 285,
        "fp": 549,
        "fn": 1081,
        "bertscore": {
            "precision": 0.895760905875122,
            "recall": 0.902057842094402,
            "f1": 0.8984945036804677
        }
    }
}