{
    "materials": {
        "precision": 0.36555891238670696,
        "recall": 0.35174418604651164,
        "f1": 0.35851851851851857,
        "tp": 121,
        "fp": 210,
        "fn": 223,
        "bertscore": {
            "precision": 0.7507725311405706,
            "recall": 0.7539725947366732,
            "f1": 0.7512544493947253
        }
    },
    "operations": {
        "precision": 0.7781954887218046,
        "recall": 0.6877076411960132,
        "f1": 0.7301587301587301,
        "tp": 207,
        "fp": 59,
        "fn": 94,
        "bertscore": {
            "precision": 0.9258750049859885,
            "recall": 0.9275380703226833,
            "f1": 0.9266340669436209
        }
    },
    "descriptors": {
        "precision": 0.3459915611814346,
        "recall": 0.2724252491694352,
        "f1": 0.3048327137546468,
        "tp": 82,
        "fp": 155,
        "fn": 219,
        "bertscore": {
            "precision": 0.6204234861449412,
            "recall": 0.6197412604439293,
            "f1": 0.6194933928727875
        }
    },
    "values": {
        "precision": 0.24892703862660945,
        "recall": 0.3515151515151515,
        "f1": 0.29145728643216084,
        "tp": 58,
        "fp": 175,
        "fn": 107,
        "bertscore": {
            "precision": 0.39636951423264727,
            "recall": 0.40591197579232374,
            "f1": 0.40048655397539973
        }
    },
    "properties": {
        "precision": 0.3727810650887574,
        "recall": 0.3088235294117647,
        "f1": 0.3378016085790885,
        "tp": 63,
        "fp": 106,
        "fn": 141,
        "bertscore": {
            "precision": 0.4634060557323281,
            "recall": 0.46196302621556606,
            "f1": 0.4624349942610035
        }
    },
    "devices": {
        "precision": 0.20652173913043478,
        "recall": 0.21839080459770116,
        "f1": 0.21229050279329612,
        "tp": 19,
        "fp": 73,
        "fn": 68,
        "bertscore": {
            "precision": 0.3198897691914433,
            "recall": 0.33890766825451946,
            "f1": 0.3286871210040662
        }
    },
    "brands": {
        "precision": 0.42857142857142855,
        "recall": 0.8333333333333334,
        "f1": 0.5660377358490566,
        "tp": 15,
        "fp": 20,
        "fn": 3,
        "bertscore": {
            "precision": 0.08386974746748906,
            "recall": 0.08051067130677653,
            "f1": 0.08198885729648923
        }
    },
    "relation": {
        "precision": 0.20526315789473684,
        "recall": 0.14275256222547583,
        "f1": 0.1683937823834197,
        "tp": 195,
        "fp": 755,
        "fn": 1171,
        "bertscore": {
            "precision": 0.8521788956572142,
            "recall": 0.8619144251326654,
            "f1": 0.8561198512431452
        }
    }
}