{
    "materials": {
        "precision": 0.4405940594059406,
        "recall": 0.5174418604651163,
        "f1": 0.4759358288770054,
        "tp": 178,
        "fp": 226,
        "fn": 166,
        "bertscore": {
            "precision": 0.8059800178545966,
            "recall": 0.8125729057312812,
            "f1": 0.808903959453506
        }
    },
    "operations": {
        "precision": 0.805111821086262,
        "recall": 0.8372093023255814,
        "f1": 0.8208469055374593,
        "tp": 252,
        "fp": 61,
        "fn": 49,
        "bertscore": {
            "precision": 0.9454602510470406,
            "recall": 0.9425854818932962,
            "f1": 0.9439316224598511
        }
    },
    "descriptors": {
        "precision": 0.4634920634920635,
        "recall": 0.4850498338870432,
        "f1": 0.4740259740259741,
        "tp": 146,
        "fp": 169,
        "fn": 155,
        "bertscore": {
            "precision": 0.694223478149781,
            "recall": 0.6877277220122233,
            "f1": 0.6903919445388269
        }
    },
    "values": {
        "precision": 0.2517482517482518,
        "recall": 0.43636363636363634,
        "f1": 0.31929046563192903,
        "tp": 72,
        "fp": 214,
        "fn": 93,
        "bertscore": {
            "precision": 0.4040085636762698,
            "recall": 0.408808142171572,
            "f1": 0.40604114524089097
        }
    },
    "properties": {
        "precision": 0.554945054945055,
        "recall": 0.4950980392156863,
        "f1": 0.5233160621761658,
        "tp": 101,
        "fp": 81,
        "fn": 103,
        "bertscore": {
            "precision": 0.4943239507859185,
            "recall": 0.4955625065687786,
            "f1": 0.49485083071044095
        }
    },
    "devices": {
        "precision": 0.216,
        "recall": 0.3103448275862069,
        "f1": 0.2547169811320754,
        "tp": 27,
        "fp": 98,
        "fn": 60,
        "bertscore": {
            "precision": 0.3421477512758584,
            "recall": 0.36065554392151117,
            "f1": 0.3507484874335978
        }
    },
    "brands": {
        "precision": 0.6818181818181818,
        "recall": 0.8333333333333334,
        "f1": 0.7499999999999999,
        "tp": 15,
        "fp": 7,
        "fn": 3,
        "bertscore": {
            "precision": 0.08438399194070957,
            "recall": 0.08098912459091852,
            "f1": 0.08249986071714618
        }
    },
    "relation": {
        "precision": 0.3094417643004824,
        "recall": 0.328696925329429,
        "f1": 0.31877884274050405,
        "tp": 449,
        "fp": 1002,
        "fn": 917,
        "bertscore": {
            "precision": 0.8903935059113305,
            "recall": 0.8938066273104242,
            "f1": 0.8915858993354211
        }
    }
}