{
    "entity": {
        "precision": 0.8149112426035503,
        "recall": 0.7386826861188586,
        "f1": 0.7749268512266485,
        "tp": 3443,
        "fp": 782,
        "fn": 1218,
        "bertscore": {
            "precision": 0.9761490563120393,
            "recall": 0.9802675601548447,
            "f1": 0.9779819553806902
        }
    },
    "relation": {
        "precision": 0.48041566746602715,
        "recall": 0.5637898686679175,
        "f1": 0.5187742770824342,
        "tp": 601,
        "fp": 650,
        "fn": 465,
        "bertscore": {
            "precision": 0.9585340157113851,
            "recall": 0.9591225244013563,
            "f1": 0.9588073538512938
        }
    }
}