{
    "entity": {
        "precision": 0.7678138633058652,
        "recall": 0.6796824715726238,
        "f1": 0.7210652099692728,
        "tp": 3168,
        "fp": 958,
        "fn": 1493,
        "bertscore": {
            "precision": 0.969169735895995,
            "recall": 0.9758088133396886,
            "f1": 0.9721505706978657
        }
    },
    "relation": {
        "precision": 0.0,
        "recall": 0.0,
        "f1": 0.0,
        "tp": 0,
        "fp": 1002,
        "fn": 1066,
        "bertscore": {
            "precision": 0.8700841543933703,
            "recall": 0.8709029957282165,
            "f1": 0.8704200340281403
        }
    }
}