{
    "entity": {
        "precision": 0.7619047619047619,
        "recall": 0.4771508260030036,
        "f1": 0.5868073878627967,
        "tp": 2224,
        "fp": 695,
        "fn": 2437,
        "bertscore": {
            "precision": 0.960539612956347,
            "recall": 0.9684325036161487,
            "f1": 0.9641651681760954
        }
    },
    "relation": {
        "precision": 0.04659090909090909,
        "recall": 0.038461538461538464,
        "f1": 0.042137718396711196,
        "tp": 41,
        "fp": 839,
        "fn": 1025,
        "bertscore": {
            "precision": 0.8990745787025917,
            "recall": 0.898503008667628,
            "f1": 0.8987216930385147
        }
    }
}