{
    "entity": {
        "precision": 0.775487256371814,
        "recall": 0.44389615962239864,
        "f1": 0.5646063583026333,
        "tp": 2069,
        "fp": 599,
        "fn": 2592,
        "bertscore": {
            "precision": 0.9618943783294696,
            "recall": 0.969384925360523,
            "f1": 0.9653107890948244
        }
    },
    "relation": {
        "precision": 0.01984877126654064,
        "recall": 0.019699812382739212,
        "f1": 0.01977401129943503,
        "tp": 21,
        "fp": 1037,
        "fn": 1045,
        "bertscore": {
            "precision": 0.9036173440044835,
            "recall": 0.904673109802178,
            "f1": 0.9040693711041459
        }
    }
}