{
    "entity": {
        "precision": 0.6727581810454739,
        "recall": 0.4025940996948118,
        "f1": 0.503739061256961,
        "tp": 1583,
        "fp": 770,
        "fn": 2349,
        "bertscore": {
            "precision": 0.9316759674048118,
            "recall": 0.9413730274495473,
            "f1": 0.9360737171068608
        }
    },
    "relation": {
        "precision": 0.0,
        "recall": 0.0,
        "f1": 0.0,
        "tp": 0,
        "fp": 530,
        "fn": 905,
        "bertscore": {
            "precision": 0.6839726322620714,
            "recall": 0.676899572361692,
            "f1": 0.6800235797359486
        }
    }
}