{
    "entity": {
        "precision": 0.7234259495284221,
        "recall": 0.6088822141171423,
        "f1": 0.6612301957129543,
        "tp": 2838,
        "fp": 1085,
        "fn": 1823,
        "bertscore": {
            "precision": 0.9572644006821697,
            "recall": 0.9665687440376082,
            "f1": 0.9615017386969608
        }
    },
    "relation": {
        "precision": 0.0991136180499597,
        "recall": 0.11538461538461539,
        "f1": 0.10663198959687907,
        "tp": 123,
        "fp": 1118,
        "fn": 943,
        "bertscore": {
            "precision": 0.9023994235627708,
            "recall": 0.902383218200765,
            "f1": 0.9023622411241607
        }
    }
}