{
    "IGZO": {
        "material_deposited": {
            "precision": 0.7142857142857143,
            "recall": 0.7142857142857143,
            "f1": 0.7142857142857143,
            "tp": 10,
            "fp": 4,
            "fn": 4,
            "bertscore": {
                "precision": 0.8933756734643664,
                "recall": 0.9130948441369193,
                "f1": 0.9026136781488147
            }
        },
        "precursor1": {
            "precision": 0.0,
            "recall": 0.0,
            "f1": 0.0,
            "tp": 0,
            "fp": 40,
            "fn": 40,
            "bertscore": {
                "precision": 0.6122421875596047,
                "recall": 0.5859897136688232,
                "f1": 0.5972672119736672
            }
        },
        "precursor2": {
            "precision": 0.0,
            "recall": 0.0,
            "f1": 0.0,
            "tp": 0,
            "fp": 40,
            "fn": 40,
            "bertscore": {
                "precision": 0.5869290567934513,
                "recall": 0.6078761354088783,
                "f1": 0.5968692868947982
            }
        },
        "precursor3": {
            "precision": 0.0,
            "recall": 0.0,
            "f1": 0.0,
            "tp": 0,
            "fp": 40,
            "fn": 40,
            "bertscore": {
                "precision": 0.6519566506147385,
                "recall": 0.654397314786911,
                "f1": 0.652763520181179
            }
        },
        "coreactant": {
            "precision": 0.6666666666666666,
            "recall": 0.6666666666666666,
            "f1": 0.6666666666666666,
            "tp": 22,
            "fp": 11,
            "fn": 11,
            "bertscore": {
                "precision": 0.9277694731047659,
                "recall": 0.9294191147341873,
                "f1": 0.928255791013891
            }
        },
        "overall": {
            "precision": 0.19161676646706588,
            "recall": 0.19161676646706588,
            "f1": 0.19161676646706588,
            "tp": 32,
            "fp": 135,
            "fn": 135,
            "bertscore": {
                "precision": 0.7344546083073854,
                "recall": 0.7381554245471438,
                "f1": 0.73555389764247
            }
        }
    }
}