{
    "IGZO": {
        "material_deposited": {
            "precision": 0.4642857142857143,
            "recall": 0.4642857142857143,
            "f1": 0.4642857142857143,
            "tp": 13,
            "fp": 15,
            "fn": 15,
            "bertscore": {
                "precision": 0.8143501941646848,
                "recall": 0.8424146047660283,
                "f1": 0.8277274859803063
            }
        },
        "precursor1": {
            "precision": 0.0,
            "recall": 0.0,
            "f1": 0.0,
            "tp": 0,
            "fp": 86,
            "fn": 86,
            "bertscore": {
                "precision": 0.6167536461076071,
                "recall": 0.6479517089766126,
                "f1": 0.6302518574304359
            }
        },
        "precursor2": {
            "precision": 0.0,
            "recall": 0.0,
            "f1": 0.0,
            "tp": 0,
            "fp": 86,
            "fn": 86,
            "bertscore": {
                "precision": 0.55976813511793,
                "recall": 0.6047185992085656,
                "f1": 0.5801792858644973
            }
        },
        "precursor3": {
            "precision": 0.0,
            "recall": 0.0,
            "f1": 0.0,
            "tp": 0,
            "fp": 86,
            "fn": 86,
            "bertscore": {
                "precision": 0.6299455772305644,
                "recall": 0.6765047734559968,
                "f1": 0.6511369999064955
            }
        },
        "coreactant": {
            "precision": 0.6142857142857143,
            "recall": 0.6142857142857143,
            "f1": 0.6142857142857143,
            "tp": 43,
            "fp": 27,
            "fn": 27,
            "bertscore": {
                "precision": 0.9067987476076399,
                "recall": 0.910882317168372,
                "f1": 0.9084910392761231
            }
        },
        "overall": {
            "precision": 0.15730337078651685,
            "recall": 0.15730337078651685,
            "f1": 0.15730337078651685,
            "tp": 56,
            "fp": 300,
            "fn": 300,
            "bertscore": {
                "precision": 0.7055232600456852,
                "recall": 0.7364944007151151,
                "f1": 0.7195573336915716
            }
        }
    }
}