{
    "IGZO": {
        "material_deposited": {
            "precision": 0.7804878048780488,
            "recall": 0.7804878048780488,
            "f1": 0.7804878048780488,
            "tp": 32,
            "fp": 9,
            "fn": 9,
            "bertscore": {
                "precision": 0.9064891338348389,
                "recall": 0.9179487024865499,
                "f1": 0.9117963677499352
            }
        },
        "precursor1": {
            "precision": 0.0,
            "recall": 0.0,
            "f1": 0.0,
            "tp": 0,
            "fp": 112,
            "fn": 112,
            "bertscore": {
                "precision": 0.5935813742024558,
                "recall": 0.6168911930705819,
                "f1": 0.6043955939156669
            }
        },
        "precursor2": {
            "precision": 0.0,
            "recall": 0.0,
            "f1": 0.0,
            "tp": 0,
            "fp": 112,
            "fn": 112,
            "bertscore": {
                "precision": 0.5273717729640859,
                "recall": 0.5845918330763068,
                "f1": 0.5525344852358103
            }
        },
        "precursor3": {
            "precision": 0.0,
            "recall": 0.0,
            "f1": 0.0,
            "tp": 0,
            "fp": 112,
            "fn": 112,
            "bertscore": {
                "precision": 0.5967449450067112,
                "recall": 0.6522325969168118,
                "f1": 0.6216083903397832
            }
        },
        "coreactant": {
            "precision": 0.639344262295082,
            "recall": 0.639344262295082,
            "f1": 0.639344262295082,
            "tp": 39,
            "fp": 22,
            "fn": 22,
            "bertscore": {
                "precision": 0.9079784770480922,
                "recall": 0.9219533654509998,
                "f1": 0.9147033134444815
            }
        },
        "overall": {
            "precision": 0.16210045662100456,
            "recall": 0.16210045662100456,
            "f1": 0.16210045662100456,
            "tp": 71,
            "fp": 367,
            "fn": 367,
            "bertscore": {
                "precision": 0.7064331406112367,
                "recall": 0.73872353820025,
                "f1": 0.7210076301371354
            }
        }
    }
}