{
    "IGZO": {
        "material_deposited": {
            "precision": 0.5833333333333334,
            "recall": 0.5833333333333334,
            "f1": 0.5833333333333334,
            "tp": 21,
            "fp": 15,
            "fn": 15,
            "bertscore": {
                "precision": 0.8350390825006697,
                "recall": 0.8553856743706597,
                "f1": 0.8446065088113149
            }
        },
        "precursor1": {
            "precision": 0.0,
            "recall": 0.0,
            "f1": 0.0,
            "tp": 0,
            "fp": 97,
            "fn": 97,
            "bertscore": {
                "precision": 0.638839636266846,
                "recall": 0.6473475338257465,
                "f1": 0.6402231676062358
            }
        },
        "precursor2": {
            "precision": 0.0,
            "recall": 0.0,
            "f1": 0.0,
            "tp": 0,
            "fp": 97,
            "fn": 97,
            "bertscore": {
                "precision": 0.5887945174556417,
                "recall": 0.6304563904545971,
                "f1": 0.6079141294833311
            }
        },
        "precursor3": {
            "precision": 0.0,
            "recall": 0.0,
            "f1": 0.0,
            "tp": 0,
            "fp": 97,
            "fn": 97,
            "bertscore": {
                "precision": 0.6395622436533269,
                "recall": 0.6770540862968287,
                "f1": 0.6558733244532162
            }
        },
        "coreactant": {
            "precision": 0.72,
            "recall": 0.72,
            "f1": 0.72,
            "tp": 54,
            "fp": 21,
            "fn": 21,
            "bertscore": {
                "precision": 0.9407969498634339,
                "recall": 0.9587640492121379,
                "f1": 0.9493406295776368
            }
        },
        "overall": {
            "precision": 0.1865671641791045,
            "recall": 0.1865671641791045,
            "f1": 0.1865671641791045,
            "tp": 75,
            "fp": 327,
            "fn": 327,
            "bertscore": {
                "precision": 0.7286064859479836,
                "recall": 0.753801546831994,
                "f1": 0.739591551986347
            }
        }
    }
}