{
    "IGZO": {
        "material_deposited": {
            "precision": 0.3333333333333333,
            "recall": 0.3333333333333333,
            "f1": 0.3333333333333333,
            "tp": 7,
            "fp": 14,
            "fn": 14,
            "bertscore": {
                "precision": 0.7634351054827372,
                "recall": 0.7816409667332967,
                "f1": 0.7718037224951244
            }
        },
        "precursor1": {
            "precision": 0.0,
            "recall": 0.0,
            "f1": 0.0,
            "tp": 0,
            "fp": 44,
            "fn": 44,
            "bertscore": {
                "precision": 0.5932616848837245,
                "recall": 0.6124415221539411,
                "f1": 0.6014675633473829
            }
        },
        "precursor2": {
            "precision": 0.0,
            "recall": 0.0,
            "f1": 0.0,
            "tp": 0,
            "fp": 44,
            "fn": 44,
            "bertscore": {
                "precision": 0.5471251634034243,
                "recall": 0.594191544435241,
                "f1": 0.5680610869418491
            }
        },
        "precursor3": {
            "precision": 0.0,
            "recall": 0.0,
            "f1": 0.0,
            "tp": 0,
            "fp": 44,
            "fn": 44,
            "bertscore": {
                "precision": 0.6071147038178011,
                "recall": 0.6474321064623919,
                "f1": 0.6252009665424173
            }
        },
        "coreactant": {
            "precision": 0.6666666666666666,
            "recall": 0.6666666666666666,
            "f1": 0.6666666666666666,
            "tp": 24,
            "fp": 12,
            "fn": 12,
            "bertscore": {
                "precision": 0.9200444999668334,
                "recall": 0.9261314935154386,
                "f1": 0.9226547744539049
            }
        },
        "overall": {
            "precision": 0.164021164021164,
            "recall": 0.164021164021164,
            "f1": 0.164021164021164,
            "tp": 31,
            "fp": 158,
            "fn": 158,
            "bertscore": {
                "precision": 0.6861962315109041,
                "recall": 0.7123675266600619,
                "f1": 0.6978376227561357
            }
        }
    }
}