{
    "materials": {
        "precision": 0.6676829268292683,
        "recall": 0.6366279069767442,
        "f1": 0.6517857142857143,
        "tp": 219,
        "fp": 109,
        "fn": 125,
        "bertscore": {
            "precision": 0.8453108307661131,
            "recall": 0.8464545268749954,
            "f1": 0.8456960663204187
        }
    },
    "operations": {
        "precision": 0.8697318007662835,
        "recall": 0.7541528239202658,
        "f1": 0.8078291814946619,
        "tp": 227,
        "fp": 34,
        "fn": 74,
        "bertscore": {
            "precision": 0.9354791511891938,
            "recall": 0.9343721052544229,
            "f1": 0.9348552377365313
        }
    },
    "descriptors": {
        "precision": 0.5548172757475083,
        "recall": 0.5548172757475083,
        "f1": 0.5548172757475083,
        "tp": 167,
        "fp": 134,
        "fn": 134,
        "bertscore": {
            "precision": 0.7015283414876738,
            "recall": 0.6994516289436081,
            "f1": 0.7002388115792504
        }
    },
    "values": {
        "precision": 0.4927536231884058,
        "recall": 0.6181818181818182,
        "f1": 0.5483870967741936,
        "tp": 102,
        "fp": 105,
        "fn": 63,
        "bertscore": {
            "precision": 0.43209351184136496,
            "recall": 0.4329205476535742,
            "f1": 0.43241650407527266
        }
    },
    "properties": {
        "precision": 0.9137931034482759,
        "recall": 0.5196078431372549,
        "f1": 0.6625,
        "tp": 106,
        "fp": 10,
        "fn": 98,
        "bertscore": {
            "precision": 0.43397977354809214,
            "recall": 0.43468367833419136,
            "f1": 0.43429365097409656
        }
    },
    "devices": {
        "precision": 0.7111111111111111,
        "recall": 0.735632183908046,
        "f1": 0.7231638418079096,
        "tp": 64,
        "fp": 26,
        "fn": 23,
        "bertscore": {
            "precision": 0.381121008421484,
            "recall": 0.3829908801671909,
            "f1": 0.3819524379784629
        }
    },
    "brands": {
        "precision": 0.8888888888888888,
        "recall": 0.8888888888888888,
        "f1": 0.8888888888888888,
        "tp": 16,
        "fp": 2,
        "fn": 2,
        "bertscore": {
            "precision": 0.08538533370500177,
            "recall": 0.08477737466227554,
            "f1": 0.08505438191512021
        }
    },
    "relation": {
        "precision": 0.44680851063829785,
        "recall": 0.4612005856515373,
        "f1": 0.45389048991354464,
        "tp": 630,
        "fp": 780,
        "fn": 736,
        "bertscore": {
            "precision": 0.9067048555700618,
            "recall": 0.906485061429278,
            "f1": 0.9060087759615975
        }
    }
}