{
    "entity": {
        "precision": 0.811554332874828,
        "recall": 0.6681766704416761,
        "f1": 0.7329192546583851,
        "tp": 1180,
        "fp": 274,
        "fn": 586,
        "bertscore": {
            "precision": 0.9768427175100908,
            "recall": 0.9809186919894954,
            "f1": 0.9786272965449682
        }
    },
    "relation": {
        "precision": 0.18311688311688312,
        "recall": 0.12123817712811694,
        "f1": 0.14588722193481635,
        "tp": 141,
        "fp": 629,
        "fn": 1022,
        "bertscore": {
            "precision": 0.8823868515415199,
            "recall": 0.8734584468905551,
            "f1": 0.877307805747745
        }
    }
}