{
    "entity": {
        "precision": 0.6763732627399074,
        "recall": 0.578708946772367,
        "f1": 0.6237412267317668,
        "tp": 1022,
        "fp": 489,
        "fn": 744,
        "bertscore": {
            "precision": 0.9535263582514075,
            "recall": 0.9606495181877426,
            "f1": 0.9565932027367268
        }
    },
    "relation": {
        "precision": 0.003257328990228013,
        "recall": 0.0008598452278589854,
        "f1": 0.001360544217687075,
        "tp": 1,
        "fp": 306,
        "fn": 1162,
        "bertscore": {
            "precision": 0.8142894623825302,
            "recall": 0.8018648913753625,
            "f1": 0.8074428179553707
        }
    }
}