{
    "entity": {
        "precision": 0.5767963085036256,
        "recall": 0.49546998867497166,
        "f1": 0.5330490405117271,
        "tp": 875,
        "fp": 642,
        "fn": 891,
        "bertscore": {
            "precision": 0.9245487568448368,
            "recall": 0.932788643100085,
            "f1": 0.9279797666489773
        }
    },
    "relation": {
        "precision": 0.05157593123209169,
        "recall": 0.015477214101461736,
        "f1": 0.023809523809523808,
        "tp": 18,
        "fp": 331,
        "fn": 1145,
        "bertscore": {
            "precision": 0.7982265201816034,
            "recall": 0.7805835178601561,
            "f1": 0.78867485188235
        }
    }
}