{
    "entity": {
        "precision": 0.6598290598290598,
        "recall": 0.43714609286523215,
        "f1": 0.5258855585831063,
        "tp": 772,
        "fp": 398,
        "fn": 994,
        "bertscore": {
            "precision": 0.9379740549982654,
            "recall": 0.9465592078345657,
            "f1": 0.9417241180313536
        }
    },
    "relation": {
        "precision": 0.020737327188940093,
        "recall": 0.007738607050730868,
        "f1": 0.011271133375078271,
        "tp": 9,
        "fp": 425,
        "fn": 1154,
        "bertscore": {
            "precision": 0.7692758045537131,
            "recall": 0.7460780816631657,
            "f1": 0.7565393963214898
        }
    }
}