{
    "entity": {
        "precision": 0.40668662674650696,
        "recall": 0.4614949037372593,
        "f1": 0.43236074270557023,
        "tp": 815,
        "fp": 1189,
        "fn": 951,
        "bertscore": {
            "precision": 0.8782976386607069,
            "recall": 0.8893286267367535,
            "f1": 0.8827972594717904
        }
    },
    "relation": {
        "precision": 0.0,
        "recall": 0.0,
        "f1": 0.0,
        "tp": 0,
        "fp": 748,
        "fn": 1163,
        "bertscore": {
            "precision": 0.7484798892567269,
            "recall": 0.7284195874793491,
            "f1": 0.7372825223379849
        }
    }
}