{
    "entity": {
        "precision": 0.5590062111801242,
        "recall": 0.6115515288788222,
        "f1": 0.5840995132504057,
        "tp": 1080,
        "fp": 852,
        "fn": 686,
        "bertscore": {
            "precision": 0.9231324354402178,
            "recall": 0.9325997998890003,
            "f1": 0.9271824395555747
        }
    },
    "relation": {
        "precision": 0.09366391184573003,
        "recall": 0.058469475494411005,
        "f1": 0.07199576495500265,
        "tp": 68,
        "fp": 658,
        "fn": 1095,
        "bertscore": {
            "precision": 0.8487450610086651,
            "recall": 0.8299975348726842,
            "f1": 0.8385593073901696
        }
    }
}