{
    "chemicalNames": {
        "precision": 0.5,
        "recall": 0.08702659145850121,
        "f1": 0.14824982841455045,
        "tp": 108,
        "fp": 108,
        "fn": 1133,
        "bertscore": {
            "precision": 0.7265510398409913,
            "recall": 0.7318242692338759,
            "f1": 0.7285465874213124
        }
    },
    "propertyNames": {
        "precision": 0.3333333333333333,
        "recall": 0.04780564263322884,
        "f1": 0.08361891706648389,
        "tp": 61,
        "fp": 122,
        "fn": 1215,
        "bertscore": {
            "precision": 0.6489697799291397,
            "recall": 0.6542513779143697,
            "f1": 0.6514174779512218
        }
    },
    "propertyValues": {
        "precision": 0.1506849315068493,
        "recall": 0.024526198439241916,
        "f1": 0.04218600191754554,
        "tp": 22,
        "fp": 124,
        "fn": 875,
        "bertscore": {
            "precision": 0.5097816144360827,
            "recall": 0.5136467805923232,
            "f1": 0.510994976877464
        }
    },
    "conditions": {
        "precision": 0.0,
        "recall": 0.0,
        "f1": 0.0,
        "tp": 0,
        "fp": 28,
        "fn": 49,
        "bertscore": {
            "precision": 0.07315585355168765,
            "recall": 0.07236212543195875,
            "f1": 0.07251290685122776
        }
    },
    "relation": {
        "precision": 0.03597122302158273,
        "recall": 0.009523809523809525,
        "f1": 0.015060240963855422,
        "tp": 5,
        "fp": 134,
        "fn": 520,
        "bertscore": {
            "precision": 0.4293810302756496,
            "recall": 0.4280868273266812,
            "f1": 0.42708954721996467
        }
    }
}