{
    "chemicalNames": {
        "precision": 0.46368715083798884,
        "recall": 0.07566089334548769,
        "f1": 0.13009404388714735,
        "tp": 83,
        "fp": 96,
        "fn": 1014,
        "bertscore": {
            "precision": 0.8621656286186752,
            "recall": 0.8751926760192329,
            "f1": 0.8676379113630334
        }
    },
    "propertyNames": {
        "precision": 0.36363636363636365,
        "recall": 0.07104795737122557,
        "f1": 0.11887072808320949,
        "tp": 80,
        "fp": 140,
        "fn": 1046,
        "bertscore": {
            "precision": 0.804111509152161,
            "recall": 0.8196423293180397,
            "f1": 0.8113529761035467
        }
    },
    "propertyValues": {
        "precision": 0.18352059925093633,
        "recall": 0.062420382165605096,
        "f1": 0.09315589353612168,
        "tp": 49,
        "fp": 218,
        "fn": 736,
        "bertscore": {
            "precision": 0.7529648933588534,
            "recall": 0.7663092447228209,
            "f1": 0.7583880207566328
        }
    },
    "conditions": {
        "precision": 0.0,
        "recall": 0.0,
        "f1": 0.0,
        "tp": 0,
        "fp": 50,
        "fn": 46,
        "bertscore": {
            "precision": 0.07919267905774967,
            "recall": 0.07533602139284444,
            "f1": 0.07695013573465422
        }
    },
    "relation": {
        "precision": 0.0390625,
        "recall": 0.021834061135371178,
        "f1": 0.028011204481792718,
        "tp": 10,
        "fp": 246,
        "fn": 448,
        "bertscore": {
            "precision": 0.6320383641608925,
            "recall": 0.6398099157699318,
            "f1": 0.6340490046397661
        }
    }
}