{
    "chemicalNames": {
        "precision": 0.5,
        "recall": 0.17302798982188294,
        "f1": 0.2570888468809074,
        "tp": 68,
        "fp": 68,
        "fn": 325,
        "bertscore": {
            "precision": 0.8767925979704243,
            "recall": 0.8774053538826893,
            "f1": 0.8762617060730924
        }
    },
    "propertyNames": {
        "precision": 0.4090909090909091,
        "recall": 0.192,
        "f1": 0.26134301270417426,
        "tp": 72,
        "fp": 104,
        "fn": 303,
        "bertscore": {
            "precision": 0.8663341497641823,
            "recall": 0.8688533889010278,
            "f1": 0.8673745034828423
        }
    },
    "propertyValues": {
        "precision": 0.2982456140350877,
        "recall": 0.19540229885057472,
        "f1": 0.23611111111111108,
        "tp": 51,
        "fp": 120,
        "fn": 210,
        "bertscore": {
            "precision": 0.8535316619029962,
            "recall": 0.8604773681945902,
            "f1": 0.8565611620586385
        }
    },
    "conditions": {
        "precision": 0.0,
        "recall": 0.0,
        "f1": 0.0,
        "tp": 0,
        "fp": 21,
        "fn": 4,
        "bertscore": {
            "precision": 0.10529839109491419,
            "recall": 0.09993677889859234,
            "f1": 0.10249060833895648
        }
    },
    "relation": {
        "precision": 0.08771929824561403,
        "recall": 0.10416666666666667,
        "f1": 0.09523809523809523,
        "tp": 15,
        "fp": 156,
        "fn": 129,
        "bertscore": {
            "precision": 0.7784595146039386,
            "recall": 0.7799748005874363,
            "f1": 0.7785325464091183
        }
    }
}