{
    "chemicalNames": {
        "precision": 0.5405405405405406,
        "recall": 0.21739130434782608,
        "f1": 0.31007751937984496,
        "tp": 40,
        "fp": 34,
        "fn": 144,
        "bertscore": {
            "precision": 0.8925016065197762,
            "recall": 0.8876311412844995,
            "f1": 0.8894614727569349
        }
    },
    "propertyNames": {
        "precision": 0.34579439252336447,
        "recall": 0.18226600985221675,
        "f1": 0.23870967741935484,
        "tp": 37,
        "fp": 70,
        "fn": 166,
        "bertscore": {
            "precision": 0.8506890156703135,
            "recall": 0.8501196706606081,
            "f1": 0.8502447015710781
        }
    },
    "propertyValues": {
        "precision": 0.38,
        "recall": 0.31932773109243695,
        "f1": 0.3470319634703196,
        "tp": 38,
        "fp": 62,
        "fn": 81,
        "bertscore": {
            "precision": 0.887722760097891,
            "recall": 0.8957809714816006,
            "f1": 0.8911669072994766
        }
    },
    "conditions": {
        "precision": 0.0,
        "recall": 0.0,
        "f1": 0.0,
        "tp": 0,
        "fp": 18,
        "fn": 3,
        "bertscore": {
            "precision": 0.1765744964281718,
            "recall": 0.15928053855895996,
            "f1": 0.1674061894416809
        }
    },
    "relation": {
        "precision": 0.04950495049504951,
        "recall": 0.06944444444444445,
        "f1": 0.057803468208092484,
        "tp": 5,
        "fp": 96,
        "fn": 67,
        "bertscore": {
            "precision": 0.8502725249197749,
            "recall": 0.8341260569956568,
            "f1": 0.841167576180564
        }
    }
}