{
    "chemicalNames": {
        "precision": 0.28173374613003094,
        "recall": 0.14444444444444443,
        "f1": 0.19097586568730324,
        "tp": 91,
        "fp": 232,
        "fn": 539,
        "bertscore": {
            "precision": 0.8566625595389278,
            "recall": 0.8744842398659022,
            "f1": 0.8647880649893629
        }
    },
    "propertyNames": {
        "precision": 0.14732142857142858,
        "recall": 0.118491921005386,
        "f1": 0.13134328358208958,
        "tp": 66,
        "fp": 382,
        "fn": 491,
        "bertscore": {
            "precision": 0.7688719984863503,
            "recall": 0.7809320435577564,
            "f1": 0.7741452474152514
        }
    },
    "propertyValues": {
        "precision": 0.11931818181818182,
        "recall": 0.175,
        "f1": 0.1418918918918919,
        "tp": 63,
        "fp": 465,
        "fn": 297,
        "bertscore": {
            "precision": 0.7304638715053325,
            "recall": 0.7372869328752255,
            "f1": 0.732580944108985
        }
    },
    "conditions": {
        "precision": 0.0,
        "recall": 0.0,
        "f1": 0.0,
        "tp": 0,
        "fp": 155,
        "fn": 20,
        "bertscore": {
            "precision": 0.15638660958835057,
            "recall": 0.156893660624822,
            "f1": 0.15598271574292863
        }
    },
    "relation": {
        "precision": 0.012903225806451613,
        "recall": 0.021621621621621623,
        "f1": 0.016161616161616165,
        "tp": 4,
        "fp": 306,
        "fn": 181,
        "bertscore": {
            "precision": 0.5819901352127393,
            "recall": 0.5768899180822902,
            "f1": 0.5775951514759707
        }
    }
}