{
    "chemicalNames": {
        "precision": 0.4522058823529412,
        "recall": 0.155893536121673,
        "f1": 0.23185673892554193,
        "tp": 123,
        "fp": 149,
        "fn": 666,
        "bertscore": {
            "precision": 0.912242372654154,
            "recall": 0.9166191935279537,
            "f1": 0.9141536103508436
        }
    },
    "propertyNames": {
        "precision": 0.34375,
        "recall": 0.11301369863013698,
        "f1": 0.17010309278350516,
        "tp": 99,
        "fp": 189,
        "fn": 777,
        "bertscore": {
            "precision": 0.8178530770404705,
            "recall": 0.8273808049206712,
            "f1": 0.8223640800230635
        }
    },
    "propertyValues": {
        "precision": 0.14795918367346939,
        "recall": 0.1037567084078712,
        "f1": 0.12197686645636172,
        "tp": 58,
        "fp": 334,
        "fn": 501,
        "bertscore": {
            "precision": 0.7807228753827364,
            "recall": 0.8034189545032051,
            "f1": 0.7903339816844978
        }
    },
    "conditions": {
        "precision": 0.01282051282051282,
        "recall": 0.024390243902439025,
        "f1": 0.01680672268907563,
        "tp": 1,
        "fp": 77,
        "fn": 40,
        "bertscore": {
            "precision": 0.12385350582189858,
            "recall": 0.11816702503710985,
            "f1": 0.1202637730166316
        }
    },
    "relation": {
        "precision": 0.010025062656641603,
        "recall": 0.012048192771084338,
        "f1": 0.01094391244870041,
        "tp": 4,
        "fp": 395,
        "fn": 328,
        "bertscore": {
            "precision": 0.6784710529105117,
            "recall": 0.6953160163170348,
            "f1": 0.684735987175049
        }
    }
}