{
    "ZnO": {
        "material_deposited": {
            "precision": 0.9771428571428571,
            "recall": 0.9771428571428571,
            "f1": 0.9771428571428571,
            "tp": 171,
            "fp": 4,
            "fn": 4,
            "bertscore": {
                "precision": 0.9935614500726972,
                "recall": 0.995390967982156,
                "f1": 0.9943889209202358
            }
        },
        "precursor": {
            "precision": 0.49473684210526314,
            "recall": 0.49473684210526314,
            "f1": 0.49473684210526314,
            "tp": 94,
            "fp": 96,
            "fn": 96,
            "bertscore": {
                "precision": 0.8279089328489806,
                "recall": 0.8246668705814764,
                "f1": 0.8260304582746405
            }
        },
        "coreactant1": {
            "precision": 0.8333333333333334,
            "recall": 0.8333333333333334,
            "f1": 0.8333333333333334,
            "tp": 165,
            "fp": 33,
            "fn": 33,
            "bertscore": {
                "precision": 0.9550229699322672,
                "recall": 0.949125644685042,
                "f1": 0.9512670920653776
            }
        },
        "coreactant2": {
            "precision": 0.4,
            "recall": 0.4,
            "f1": 0.4000000000000001,
            "tp": 2,
            "fp": 3,
            "fn": 3,
            "bertscore": {
                "precision": 0.7967120289802552,
                "recall": 0.8388051509857177,
                "f1": 0.8163034915924072
            }
        },
        "coreactant3": {
            "precision": 0.0,
            "recall": 0.0,
            "f1": 0.0,
            "tp": 0,
            "fp": 0,
            "fn": 0
        },
        "overall": {
            "precision": 0.7605633802816901,
            "recall": 0.7605633802816901,
            "f1": 0.7605633802816902,
            "tp": 432,
            "fp": 136,
            "fn": 136,
            "bertscore": {
                "precision": 0.8933013454585501,
                "recall": 0.901997158558598,
                "f1": 0.8969974907131653
            }
        }
    }
}