{
    "entity": {
        "precision": 0.810708362947169,
        "recall": 0.7341772151898734,
        "f1": 0.7705471740598964,
        "tp": 3422,
        "fp": 799,
        "fn": 1239,
        "bertscore": {
            "precision": 0.97501966219556,
            "recall": 0.979245918550844,
            "f1": 0.9769005746671425
        }
    },
    "relation": {
        "precision": 0.472,
        "recall": 0.5534709193245778,
        "f1": 0.5094991364421416,
        "tp": 590,
        "fp": 660,
        "fn": 476,
        "bertscore": {
            "precision": 0.9545433015231103,
            "recall": 0.9550124902731842,
            "f1": 0.9547601408116401
        }
    }
}