{
    "entity": {
        "precision": 0.7678138633058652,
        "recall": 0.6796824715726238,
        "f1": 0.7210652099692728,
        "tp": 3168,
        "fp": 958,
        "fn": 1493,
        "bertscore": {
            "precision": 0.9691697358173146,
            "recall": 0.9758088134878434,
            "f1": 0.9721505706570999
        }
    },
    "relation": {
        "precision": 0.0,
        "recall": 0.0,
        "f1": 0.0,
        "tp": 0,
        "fp": 1002,
        "fn": 1066,
        "bertscore": {
            "precision": 0.8700841534601791,
            "recall": 0.8709029953997286,
            "f1": 0.8704200334421699
        }
    }
}