{
    "entity": {
        "precision": 0.7538664034221784,
        "recall": 0.4915254237288136,
        "f1": 0.5950649350649352,
        "tp": 2291,
        "fp": 748,
        "fn": 2370,
        "bertscore": {
            "precision": 0.9588142712784569,
            "recall": 0.9668998602228334,
            "f1": 0.9625288707801174
        }
    },
    "relation": {
        "precision": 0.04756637168141593,
        "recall": 0.040337711069418386,
        "f1": 0.043654822335025385,
        "tp": 43,
        "fp": 861,
        "fn": 1023,
        "bertscore": {
            "precision": 0.8999897567652521,
            "recall": 0.8992650317553963,
            "f1": 0.8995709749250185
        }
    }
}