{
    "entity": {
        "precision": 0.7593061076978678,
        "recall": 0.4507616391332332,
        "f1": 0.5656973613354874,
        "tp": 2101,
        "fp": 666,
        "fn": 2560,
        "bertscore": {
            "precision": 0.9595195037482213,
            "recall": 0.967792701047086,
            "f1": 0.9633060958261183
        }
    },
    "relation": {
        "precision": 0.02071563088512241,
        "recall": 0.020637898686679174,
        "f1": 0.020676691729323307,
        "tp": 22,
        "fp": 1040,
        "fn": 1044,
        "bertscore": {
            "precision": 0.9018596046355982,
            "recall": 0.9025058689519053,
            "f1": 0.9020871319622747
        }
    }
}