{
    "entity": {
        "precision": 0.6486115872471717,
        "recall": 0.4059214760780948,
        "f1": 0.49934019530219054,
        "tp": 1892,
        "fp": 1025,
        "fn": 2769,
        "bertscore": {
            "precision": 0.9285089992805605,
            "recall": 0.9391967826731065,
            "f1": 0.9333648330460298
        }
    },
    "relation": {
        "precision": 0.0,
        "recall": 0.0,
        "f1": 0.0,
        "tp": 0,
        "fp": 619,
        "fn": 1066,
        "bertscore": {
            "precision": 0.6954665965179603,
            "recall": 0.6871748020172119,
            "f1": 0.690823857788245
        }
    }
}