{
    "entity": {
        "precision": 0.7234259495284221,
        "recall": 0.6088822141171423,
        "f1": 0.6612301957129543,
        "tp": 2838,
        "fp": 1085,
        "fn": 1823,
        "bertscore": {
            "precision": 0.9572644001532402,
            "recall": 0.9665687434696387,
            "f1": 0.9615017379687232
        }
    },
    "relation": {
        "precision": 0.0991136180499597,
        "recall": 0.11538461538461539,
        "f1": 0.10663198959687907,
        "tp": 123,
        "fp": 1118,
        "fn": 943,
        "bertscore": {
            "precision": 0.9023994211119319,
            "recall": 0.9023832168537473,
            "f1": 0.9023622405081514
        }
    }
}