{
    "chemicalNames": {
        "precision": 0.4405144694533762,
        "recall": 0.11039484286865431,
        "f1": 0.1765463917525773,
        "tp": 137,
        "fp": 174,
        "fn": 1104,
        "bertscore": {
            "precision": 0.8145477290320584,
            "recall": 0.8238130469990136,
            "f1": 0.8181786563458975
        }
    },
    "propertyNames": {
        "precision": 0.3147410358565737,
        "recall": 0.06191222570532915,
        "f1": 0.10347085789129011,
        "tp": 79,
        "fp": 172,
        "fn": 1197,
        "bertscore": {
            "precision": 0.6983773573443008,
            "recall": 0.7036201636091599,
            "f1": 0.7008034288034641
        }
    },
    "propertyValues": {
        "precision": 0.23107569721115537,
        "recall": 0.06465997770345597,
        "f1": 0.10104529616724739,
        "tp": 58,
        "fp": 193,
        "fn": 839,
        "bertscore": {
            "precision": 0.5941312849016884,
            "recall": 0.5970811983673784,
            "f1": 0.5947534538167839
        }
    },
    "conditions": {
        "precision": 0.0,
        "recall": 0.0,
        "f1": 0.0,
        "tp": 0,
        "fp": 108,
        "fn": 49,
        "bertscore": {
            "precision": 0.11279448841240808,
            "recall": 0.10885400998428515,
            "f1": 0.11064488197520016
        }
    },
    "relation": {
        "precision": 0.033582089552238806,
        "recall": 0.017142857142857144,
        "f1": 0.02269861286254729,
        "tp": 9,
        "fp": 259,
        "fn": 516,
        "bertscore": {
            "precision": 0.5123640892202697,
            "recall": 0.5110938468020494,
            "f1": 0.5103916439886589
        }
    }
}