{
    "chemicalNames": {
        "precision": 0.4696132596685083,
        "recall": 0.09159482758620689,
        "f1": 0.1532912533814247,
        "tp": 85,
        "fp": 96,
        "fn": 843,
        "bertscore": {
            "precision": 0.8674419089547928,
            "recall": 0.8834214822667373,
            "f1": 0.8745005732637836
        }
    },
    "propertyNames": {
        "precision": 0.26666666666666666,
        "recall": 0.056338028169014086,
        "f1": 0.09302325581395349,
        "tp": 52,
        "fp": 143,
        "fn": 871,
        "bertscore": {
            "precision": 0.7756660559699707,
            "recall": 0.793230578866376,
            "f1": 0.7837955913150522
        }
    },
    "propertyValues": {
        "precision": 0.15873015873015872,
        "recall": 0.0778816199376947,
        "f1": 0.10449320794148378,
        "tp": 50,
        "fp": 265,
        "fn": 592,
        "bertscore": {
            "precision": 0.7601910514139739,
            "recall": 0.7732535291592151,
            "f1": 0.7651391597961027
        }
    },
    "conditions": {
        "precision": 0.011111111111111112,
        "recall": 0.03125,
        "f1": 0.01639344262295082,
        "tp": 1,
        "fp": 89,
        "fn": 31,
        "bertscore": {
            "precision": 0.13445822480652067,
            "recall": 0.1313946041519995,
            "f1": 0.1323706147571405
        }
    },
    "relation": {
        "precision": 0.009259259259259259,
        "recall": 0.007936507936507936,
        "f1": 0.008547008547008546,
        "tp": 3,
        "fp": 321,
        "fn": 375,
        "bertscore": {
            "precision": 0.6530624067203866,
            "recall": 0.6687948715217688,
            "f1": 0.6594568944225708
        }
    }
}