{
    "chemicalNames": {
        "precision": 0.644927536231884,
        "recall": 0.1831275720164609,
        "f1": 0.28525641025641024,
        "tp": 89,
        "fp": 49,
        "fn": 397,
        "bertscore": {
            "precision": 0.9462597602885592,
            "recall": 0.9486765864774181,
            "f1": 0.9468970957735867
        }
    },
    "propertyNames": {
        "precision": 0.42213114754098363,
        "recall": 0.22637362637362637,
        "f1": 0.2947067238912732,
        "tp": 103,
        "fp": 141,
        "fn": 352,
        "bertscore": {
            "precision": 0.8797192589831745,
            "recall": 0.8839212678428922,
            "f1": 0.8815335803384909
        }
    },
    "propertyValues": {
        "precision": 0.32209737827715357,
        "recall": 0.2866666666666667,
        "f1": 0.30335097001763667,
        "tp": 86,
        "fp": 181,
        "fn": 214,
        "bertscore": {
            "precision": 0.8809518238383689,
            "recall": 0.8876956159109427,
            "f1": 0.883936184914261
        }
    },
    "conditions": {
        "precision": 0.13333333333333333,
        "recall": 0.7272727272727273,
        "f1": 0.22535211267605634,
        "tp": 8,
        "fp": 52,
        "fn": 3,
        "bertscore": {
            "precision": 0.21212120850880942,
            "recall": 0.21212120850880942,
            "f1": 0.21212120850880942
        }
    },
    "relation": {
        "precision": 0.2111111111111111,
        "recall": 0.3392857142857143,
        "f1": 0.2602739726027397,
        "tp": 57,
        "fp": 213,
        "fn": 111,
        "bertscore": {
            "precision": 0.8168363863922128,
            "recall": 0.8216217326846991,
            "f1": 0.8186971506386093
        }
    }
}