{
    "chemicalNames": {
        "precision": 0.6756756756756757,
        "recall": 0.18248175182481752,
        "f1": 0.28735632183908044,
        "tp": 50,
        "fp": 24,
        "fn": 224,
        "bertscore": {
            "precision": 0.9536812972067755,
            "recall": 0.9564614079430334,
            "f1": 0.9543469244568551
        }
    },
    "propertyNames": {
        "precision": 0.41830065359477125,
        "recall": 0.2222222222222222,
        "f1": 0.29024943310657597,
        "tp": 64,
        "fp": 89,
        "fn": 224,
        "bertscore": {
            "precision": 0.8827361367227993,
            "recall": 0.8807239582802301,
            "f1": 0.8815477511359072
        }
    },
    "propertyValues": {
        "precision": 0.3793103448275862,
        "recall": 0.375,
        "f1": 0.3771428571428571,
        "tp": 66,
        "fp": 108,
        "fn": 110,
        "bertscore": {
            "precision": 0.904356010930514,
            "recall": 0.9107846168498235,
            "f1": 0.9070009293048878
        }
    },
    "conditions": {
        "precision": 0.09259259259259259,
        "recall": 1.0,
        "f1": 0.1694915254237288,
        "tp": 5,
        "fp": 49,
        "fn": 0,
        "bertscore": {
            "precision": 0.23809523241860525,
            "recall": 0.23809523241860525,
            "f1": 0.23809523241860525
        }
    },
    "relation": {
        "precision": 0.18719211822660098,
        "recall": 0.3958333333333333,
        "f1": 0.25418060200668896,
        "tp": 38,
        "fp": 165,
        "fn": 58,
        "bertscore": {
            "precision": 0.9039077198931148,
            "recall": 0.9019497210926334,
            "f1": 0.9026127938131128
        }
    }
}