{
    "chemicalNames": {
        "precision": 0.27177700348432055,
        "recall": 0.09936305732484077,
        "f1": 0.14552238805970152,
        "tp": 78,
        "fp": 209,
        "fn": 707,
        "bertscore": {
            "precision": 0.8515196128942968,
            "recall": 0.8824312577764615,
            "f1": 0.8650313753459952
        }
    },
    "propertyNames": {
        "precision": 0.13333333333333333,
        "recall": 0.07832167832167833,
        "f1": 0.0986784140969163,
        "tp": 56,
        "fp": 364,
        "fn": 659,
        "bertscore": {
            "precision": 0.7690281056545825,
            "recall": 0.7859028108845618,
            "f1": 0.7766248463645243
        }
    },
    "propertyValues": {
        "precision": 0.1111111111111111,
        "recall": 0.11494252873563218,
        "f1": 0.11299435028248588,
        "tp": 50,
        "fp": 400,
        "fn": 385,
        "bertscore": {
            "precision": 0.7381558569857205,
            "recall": 0.743274500748125,
            "f1": 0.7391730280351024
        }
    },
    "conditions": {
        "precision": 0.0,
        "recall": 0.0,
        "f1": 0.0,
        "tp": 0,
        "fp": 141,
        "fn": 26,
        "bertscore": {
            "precision": 0.13974107400729105,
            "recall": 0.13370936650496262,
            "f1": 0.13605494911854082
        }
    },
    "relation": {
        "precision": 0.005555555555555556,
        "recall": 0.007662835249042145,
        "f1": 0.006441223832528181,
        "tp": 2,
        "fp": 358,
        "fn": 259,
        "bertscore": {
            "precision": 0.6126414708124521,
            "recall": 0.610745561419007,
            "f1": 0.6101285751622456
        }
    }
}