{
    "chemicalNames": {
        "precision": 0.3209302325581395,
        "recall": 0.17121588089330025,
        "f1": 0.22330097087378642,
        "tp": 69,
        "fp": 146,
        "fn": 334,
        "bertscore": {
            "precision": 0.8323608338690179,
            "recall": 0.8310850608428632,
            "f1": 0.8303380868996301
        }
    },
    "propertyNames": {
        "precision": 0.25510204081632654,
        "recall": 0.22935779816513763,
        "f1": 0.24154589371980678,
        "tp": 75,
        "fp": 219,
        "fn": 252,
        "bertscore": {
            "precision": 0.8049369602701136,
            "recall": 0.8121226866517018,
            "f1": 0.8081440560224451
        }
    },
    "propertyValues": {
        "precision": 0.14366197183098592,
        "recall": 0.24401913875598086,
        "f1": 0.18085106382978725,
        "tp": 51,
        "fp": 304,
        "fn": 158,
        "bertscore": {
            "precision": 0.7708713502115251,
            "recall": 0.7788479168781589,
            "f1": 0.773750926050128
        }
    },
    "conditions": {
        "precision": 0.0,
        "recall": 0.0,
        "f1": 0.0,
        "tp": 0,
        "fp": 100,
        "fn": 4,
        "bertscore": {
            "precision": 0.10529839551007306,
            "recall": 0.09993677669101292,
            "f1": 0.10249060833895648
        }
    },
    "relation": {
        "precision": 0.0022271714922048997,
        "recall": 0.008333333333333333,
        "f1": 0.00351493848857645,
        "tp": 1,
        "fp": 448,
        "fn": 119,
        "bertscore": {
            "precision": 0.7162701418676986,
            "recall": 0.7128152651122077,
            "f1": 0.7126616483914509
        }
    }
}