{
    "IGZO": {
        "material_deposited": {
            "precision": 0.7333333333333333,
            "recall": 0.7333333333333333,
            "f1": 0.7333333333333333,
            "tp": 11,
            "fp": 4,
            "fn": 4,
            "bertscore": {
                "precision": 0.9004839619000753,
                "recall": 0.918888521194458,
                "f1": 0.9091060996055603
            }
        },
        "precursor1": {
            "precision": 0.0,
            "recall": 0.0,
            "f1": 0.0,
            "tp": 0,
            "fp": 43,
            "fn": 43,
            "bertscore": {
                "precision": 0.6139264827550843,
                "recall": 0.5932385311570278,
                "f1": 0.6019719908403796
            }
        },
        "precursor2": {
            "precision": 0.0,
            "recall": 0.0,
            "f1": 0.0,
            "tp": 0,
            "fp": 43,
            "fn": 43,
            "bertscore": {
                "precision": 0.5774149201637091,
                "recall": 0.6011882147123647,
                "f1": 0.5881228654883629
            }
        },
        "precursor3": {
            "precision": 0.0,
            "recall": 0.0,
            "f1": 0.0,
            "tp": 0,
            "fp": 43,
            "fn": 43,
            "bertscore": {
                "precision": 0.6447940087595652,
                "recall": 0.6547345907189125,
                "f1": 0.6488107914148376
            }
        },
        "coreactant": {
            "precision": 0.6388888888888888,
            "recall": 0.6388888888888888,
            "f1": 0.6388888888888888,
            "tp": 23,
            "fp": 13,
            "fn": 13,
            "bertscore": {
                "precision": 0.9215173688199785,
                "recall": 0.9374239875210656,
                "f1": 0.9288679725593991
            }
        },
        "overall": {
            "precision": 0.18888888888888888,
            "recall": 0.18888888888888888,
            "f1": 0.18888888888888888,
            "tp": 34,
            "fp": 146,
            "fn": 146,
            "bertscore": {
                "precision": 0.7316273484796825,
                "recall": 0.7410947690607658,
                "f1": 0.7353759439817079
            }
        }
    }
}