{
    "chemicalNames": {
        "precision": 0.6781609195402298,
        "recall": 0.16573033707865167,
        "f1": 0.26636568848758463,
        "tp": 59,
        "fp": 28,
        "fn": 297,
        "bertscore": {
            "precision": 0.9350945224932262,
            "recall": 0.9384151346910568,
            "f1": 0.93639433857089
        }
    },
    "propertyNames": {
        "precision": 0.4171779141104294,
        "recall": 0.20238095238095238,
        "f1": 0.2725450901803607,
        "tp": 68,
        "fp": 95,
        "fn": 268,
        "bertscore": {
            "precision": 0.8905243411962949,
            "recall": 0.8888025637515008,
            "f1": 0.8895644186091802
        }
    },
    "propertyValues": {
        "precision": 0.36470588235294116,
        "recall": 0.29523809523809524,
        "f1": 0.3263157894736842,
        "tp": 62,
        "fp": 108,
        "fn": 148,
        "bertscore": {
            "precision": 0.875842036422455,
            "recall": 0.8835601874319851,
            "f1": 0.879348146155197
        }
    },
    "conditions": {
        "precision": 0.07936507936507936,
        "recall": 0.5555555555555556,
        "f1": 0.1388888888888889,
        "tp": 5,
        "fp": 58,
        "fn": 4,
        "bertscore": {
            "precision": 0.19999999523162842,
            "recall": 0.19999999523162842,
            "f1": 0.19999999523162842
        }
    },
    "relation": {
        "precision": 0.23756906077348067,
        "recall": 0.36134453781512604,
        "f1": 0.2866666666666666,
        "tp": 43,
        "fp": 138,
        "fn": 76,
        "bertscore": {
            "precision": 0.8924711788154783,
            "recall": 0.8851423460699263,
            "f1": 0.8879384891021819
        }
    }
}