{
    "chemicalNames": {
        "precision": 0.48847926267281105,
        "recall": 0.0854149879129734,
        "f1": 0.1454046639231824,
        "tp": 106,
        "fp": 111,
        "fn": 1135,
        "bertscore": {
            "precision": 0.7242410918961978,
            "recall": 0.7306320254321068,
            "f1": 0.726738082348686
        }
    },
    "propertyNames": {
        "precision": 0.3172043010752688,
        "recall": 0.04623824451410658,
        "f1": 0.08071135430916553,
        "tp": 59,
        "fp": 127,
        "fn": 1217,
        "bertscore": {
            "precision": 0.6533749140978269,
            "recall": 0.6581560882710918,
            "f1": 0.6555308128294256
        }
    },
    "propertyValues": {
        "precision": 0.16666666666666666,
        "recall": 0.02564102564102564,
        "f1": 0.044444444444444446,
        "tp": 23,
        "fp": 115,
        "fn": 874,
        "bertscore": {
            "precision": 0.47868309823625155,
            "recall": 0.48238516691112027,
            "f1": 0.47984277041858475
        }
    },
    "conditions": {
        "precision": 0.0,
        "recall": 0.0,
        "f1": 0.0,
        "tp": 0,
        "fp": 30,
        "fn": 49,
        "bertscore": {
            "precision": 0.06796597789243325,
            "recall": 0.06574276386667363,
            "f1": 0.06661891568567335
        }
    },
    "relation": {
        "precision": 0.038461538461538464,
        "recall": 0.009523809523809525,
        "f1": 0.015267175572519085,
        "tp": 5,
        "fp": 125,
        "fn": 520,
        "bertscore": {
            "precision": 0.42029612344974504,
            "recall": 0.41296078349204407,
            "f1": 0.415413723368825
        }
    }
}