{
    "chemicalNames": {
        "precision": 0.4602272727272727,
        "recall": 0.07068062827225131,
        "f1": 0.12254160363086233,
        "tp": 81,
        "fp": 95,
        "fn": 1065,
        "bertscore": {
            "precision": 0.8745520573190023,
            "recall": 0.8875159873639222,
            "f1": 0.8801077431301664
        }
    },
    "propertyNames": {
        "precision": 0.3333333333333333,
        "recall": 0.05218135158254919,
        "f1": 0.09023668639053255,
        "tp": 61,
        "fp": 122,
        "fn": 1108,
        "bertscore": {
            "precision": 0.804294132971854,
            "recall": 0.817296239541787,
            "f1": 0.8102268739180132
        }
    },
    "propertyValues": {
        "precision": 0.2127659574468085,
        "recall": 0.06218905472636816,
        "f1": 0.09624639076034648,
        "tp": 50,
        "fp": 185,
        "fn": 754,
        "bertscore": {
            "precision": 0.7288421595582004,
            "recall": 0.7429505818551688,
            "f1": 0.7347561721718221
        }
    },
    "conditions": {
        "precision": 0.0,
        "recall": 0.0,
        "f1": 0.0,
        "tp": 0,
        "fp": 42,
        "fn": 48,
        "bertscore": {
            "precision": 0.05926109319834998,
            "recall": 0.0559266290881417,
            "f1": 0.057360559137481636
        }
    },
    "relation": {
        "precision": 0.05622489959839357,
        "recall": 0.029914529914529916,
        "f1": 0.039051603905160395,
        "tp": 14,
        "fp": 235,
        "fn": 454,
        "bertscore": {
            "precision": 0.6324270185591145,
            "recall": 0.6424255883151835,
            "f1": 0.6358738490803675
        }
    }
}