{
    "chemicalNames": {
        "precision": 0.6363636363636364,
        "recall": 0.14553014553014554,
        "f1": 0.23688663282571915,
        "tp": 70,
        "fp": 40,
        "fn": 411,
        "bertscore": {
            "precision": 0.942892860720373,
            "recall": 0.9380857244146685,
            "f1": 0.9399807176075794
        }
    },
    "propertyNames": {
        "precision": 0.46107784431137727,
        "recall": 0.19642857142857142,
        "f1": 0.27549194991055453,
        "tp": 77,
        "fp": 90,
        "fn": 315,
        "bertscore": {
            "precision": 0.891691738396754,
            "recall": 0.893238257937574,
            "f1": 0.8921614621128813
        }
    },
    "propertyValues": {
        "precision": 0.3597560975609756,
        "recall": 0.25,
        "f1": 0.295,
        "tp": 59,
        "fp": 105,
        "fn": 177,
        "bertscore": {
            "precision": 0.8708157478414831,
            "recall": 0.8826479799075732,
            "f1": 0.8757913859614305
        }
    },
    "conditions": {
        "precision": 0.08,
        "recall": 0.5,
        "f1": 0.13793103448275865,
        "tp": 2,
        "fp": 23,
        "fn": 2,
        "bertscore": {
            "precision": 0.06666666666666667,
            "recall": 0.06666666666666667,
            "f1": 0.06666666666666667
        }
    },
    "relation": {
        "precision": 0.18128654970760233,
        "recall": 0.2421875,
        "f1": 0.20735785953177258,
        "tp": 31,
        "fp": 140,
        "fn": 97,
        "bertscore": {
            "precision": 0.7987158032494878,
            "recall": 0.7855491078302028,
            "f1": 0.7911147105835733
        }
    }
}