{
    "chemicalNames": {
        "precision": 0.6142857142857143,
        "recall": 0.17916666666666667,
        "f1": 0.27741935483870966,
        "tp": 43,
        "fp": 27,
        "fn": 197,
        "bertscore": {
            "precision": 0.9188752707507876,
            "recall": 0.9248521075756462,
            "f1": 0.9214640034017739
        }
    },
    "propertyNames": {
        "precision": 0.4339622641509434,
        "recall": 0.19246861924686193,
        "f1": 0.26666666666666666,
        "tp": 46,
        "fp": 60,
        "fn": 193,
        "bertscore": {
            "precision": 0.8531991075349863,
            "recall": 0.8523583099403709,
            "f1": 0.852628684852016
        }
    },
    "propertyValues": {
        "precision": 0.4485981308411215,
        "recall": 0.34782608695652173,
        "f1": 0.39183673469387753,
        "tp": 48,
        "fp": 59,
        "fn": 90,
        "bertscore": {
            "precision": 0.9001365355649151,
            "recall": 0.9085985827812958,
            "f1": 0.9037223570224412
        }
    },
    "conditions": {
        "precision": 0.13043478260869565,
        "recall": 0.75,
        "f1": 0.22222222222222218,
        "tp": 3,
        "fp": 20,
        "fn": 1,
        "bertscore": {
            "precision": 0.1666666633552975,
            "recall": 0.1666666633552975,
            "f1": 0.1666666633552975
        }
    },
    "relation": {
        "precision": 0.20535714285714285,
        "recall": 0.26436781609195403,
        "f1": 0.23115577889447236,
        "tp": 23,
        "fp": 89,
        "fn": 64,
        "bertscore": {
            "precision": 0.8314207854094329,
            "recall": 0.8379316443331027,
            "f1": 0.8334718475384372
        }
    }
}