{
    "chemicalNames": {
        "precision": 0.29259259259259257,
        "recall": 0.13787085514834205,
        "f1": 0.18742586002372477,
        "tp": 79,
        "fp": 191,
        "fn": 494,
        "bertscore": {
            "precision": 0.8309785849433499,
            "recall": 0.8498896212273419,
            "f1": 0.8394872731241957
        }
    },
    "propertyNames": {
        "precision": 0.1368653421633554,
        "recall": 0.11764705882352941,
        "f1": 0.12653061224489795,
        "tp": 62,
        "fp": 391,
        "fn": 465,
        "bertscore": {
            "precision": 0.8028245621309539,
            "recall": 0.8173287539572764,
            "f1": 0.8090326928003968
        }
    },
    "propertyValues": {
        "precision": 0.0962962962962963,
        "recall": 0.16774193548387098,
        "f1": 0.12235294117647061,
        "tp": 52,
        "fp": 488,
        "fn": 258,
        "bertscore": {
            "precision": 0.7701066745727155,
            "recall": 0.7780905339105131,
            "f1": 0.7728639245646213
        }
    },
    "conditions": {
        "precision": 0.0,
        "recall": 0.0,
        "f1": 0.0,
        "tp": 0,
        "fp": 186,
        "fn": 11,
        "bertscore": {
            "precision": 0.14889044745972282,
            "recall": 0.13872304166618146,
            "f1": 0.14330449229792544
        }
    },
    "relation": {
        "precision": 0.0106951871657754,
        "recall": 0.023668639053254437,
        "f1": 0.014732965009208104,
        "tp": 4,
        "fp": 370,
        "fn": 165,
        "bertscore": {
            "precision": 0.6667358697244995,
            "recall": 0.6626364478024475,
            "f1": 0.6627749091177656
        }
    }
}