{
    "chemicalNames": {
        "precision": 0.40344827586206894,
        "recall": 0.1924342105263158,
        "f1": 0.2605790645879733,
        "tp": 117,
        "fp": 173,
        "fn": 491,
        "bertscore": {
            "precision": 0.8841958404977031,
            "recall": 0.888768975820247,
            "f1": 0.8860719015165691
        }
    },
    "propertyNames": {
        "precision": 0.26900584795321636,
        "recall": 0.1541038525963149,
        "f1": 0.1959531416400426,
        "tp": 92,
        "fp": 250,
        "fn": 505,
        "bertscore": {
            "precision": 0.7849293630077973,
            "recall": 0.7912986694553615,
            "f1": 0.7878722738440231
        }
    },
    "propertyValues": {
        "precision": 0.17035398230088494,
        "recall": 0.17782909930715934,
        "f1": 0.17401129943502824,
        "tp": 77,
        "fp": 375,
        "fn": 356,
        "bertscore": {
            "precision": 0.7470054174564997,
            "recall": 0.7668079815225154,
            "f1": 0.7550646718793758
        }
    },
    "conditions": {
        "precision": 0.008264462809917356,
        "recall": 0.037037037037037035,
        "f1": 0.013513513513513514,
        "tp": 1,
        "fp": 120,
        "fn": 26,
        "bertscore": {
            "precision": 0.183016443739132,
            "recall": 0.17322796927828368,
            "f1": 0.17720662189178726
        }
    },
    "relation": {
        "precision": 0.023157894736842106,
        "recall": 0.041044776119402986,
        "f1": 0.02960969044414536,
        "tp": 11,
        "fp": 464,
        "fn": 257,
        "bertscore": {
            "precision": 0.6679807327028845,
            "recall": 0.6856701740862908,
            "f1": 0.6743860172808345
        }
    }
}