{
    "IGZO": {
        "material_deposited": {
            "precision": 0.7857142857142857,
            "recall": 0.7857142857142857,
            "f1": 0.7857142857142857,
            "tp": 11,
            "fp": 3,
            "fn": 3,
            "bertscore": {
                "precision": 0.9178884242262159,
                "recall": 0.9347260679517474,
                "f1": 0.9257285935538155
            }
        },
        "precursor1": {
            "precision": 0.024390243902439025,
            "recall": 0.024390243902439025,
            "f1": 0.024390243902439025,
            "tp": 1,
            "fp": 40,
            "fn": 40,
            "bertscore": {
                "precision": 0.6265237854748238,
                "recall": 0.6138439425608007,
                "f1": 0.6190815219065038
            }
        },
        "precursor2": {
            "precision": 0.0,
            "recall": 0.0,
            "f1": 0.0,
            "tp": 0,
            "fp": 41,
            "fn": 41,
            "bertscore": {
                "precision": 0.5674627219758382,
                "recall": 0.5978725232729097,
                "f1": 0.5809987827045161
            }
        },
        "precursor3": {
            "precision": 0.0,
            "recall": 0.0,
            "f1": 0.0,
            "tp": 0,
            "fp": 41,
            "fn": 41,
            "bertscore": {
                "precision": 0.6355408459174924,
                "recall": 0.652429692628907,
                "f1": 0.6427065555642291
            }
        },
        "coreactant": {
            "precision": 0.8648648648648649,
            "recall": 0.8648648648648649,
            "f1": 0.8648648648648649,
            "tp": 32,
            "fp": 5,
            "fn": 5,
            "bertscore": {
                "precision": 0.9738306435378822,
                "recall": 0.9717500225917713,
                "f1": 0.9727725757134927
            }
        },
        "overall": {
            "precision": 0.25287356321839083,
            "recall": 0.25287356321839083,
            "f1": 0.25287356321839083,
            "tp": 44,
            "fp": 130,
            "fn": 130,
            "bertscore": {
                "precision": 0.7442492842264505,
                "recall": 0.7541244498012272,
                "f1": 0.7482576058885114
            }
        }
    }
}