{
    "IGZO": {
        "material_deposited": {
            "precision": 0.3684210526315789,
            "recall": 0.3684210526315789,
            "f1": 0.3684210526315789,
            "tp": 7,
            "fp": 12,
            "fn": 12,
            "bertscore": {
                "precision": 0.719253985505355,
                "recall": 0.7615441083908081,
                "f1": 0.7374340609500283
            }
        },
        "precursor1": {
            "precision": 0.0,
            "recall": 0.0,
            "f1": 0.0,
            "tp": 0,
            "fp": 45,
            "fn": 45,
            "bertscore": {
                "precision": 0.5923570195833842,
                "recall": 0.5878591921594408,
                "f1": 0.5886145300335355
            }
        },
        "precursor2": {
            "precision": 0.0,
            "recall": 0.0,
            "f1": 0.0,
            "tp": 0,
            "fp": 45,
            "fn": 45,
            "bertscore": {
                "precision": 0.5451248235172695,
                "recall": 0.5899331278271145,
                "f1": 0.5652429382006328
            }
        },
        "precursor3": {
            "precision": 0.0,
            "recall": 0.0,
            "f1": 0.0,
            "tp": 0,
            "fp": 45,
            "fn": 45,
            "bertscore": {
                "precision": 0.6174871795707279,
                "recall": 0.6491298052999709,
                "f1": 0.6313762505849202
            }
        },
        "coreactant": {
            "precision": 0.6923076923076923,
            "recall": 0.6923076923076923,
            "f1": 0.6923076923076923,
            "tp": 27,
            "fp": 12,
            "fn": 12,
            "bertscore": {
                "precision": 0.9262959850140107,
                "recall": 0.9295371128962591,
                "f1": 0.9274985988934835
            }
        },
        "overall": {
            "precision": 0.17616580310880828,
            "recall": 0.17616580310880828,
            "f1": 0.17616580310880828,
            "tp": 34,
            "fp": 159,
            "fn": 159,
            "bertscore": {
                "precision": 0.6801037986381495,
                "recall": 0.7036006693147187,
                "f1": 0.69003327573252
            }
        }
    }
}