{
    "IGZO": {
        "material_deposited": {
            "precision": 0.5588235294117647,
            "recall": 0.5588235294117647,
            "f1": 0.5588235294117647,
            "tp": 19,
            "fp": 15,
            "fn": 15,
            "bertscore": {
                "precision": 0.8262993447920856,
                "recall": 0.849829119794509,
                "f1": 0.8374139543841866
            }
        },
        "precursor1": {
            "precision": 0.0,
            "recall": 0.0,
            "f1": 0.0,
            "tp": 0,
            "fp": 93,
            "fn": 93,
            "bertscore": {
                "precision": 0.6061968720087441,
                "recall": 0.6494141041591603,
                "f1": 0.6253034055873912
            }
        },
        "precursor2": {
            "precision": 0.0,
            "recall": 0.0,
            "f1": 0.0,
            "tp": 0,
            "fp": 93,
            "fn": 93,
            "bertscore": {
                "precision": 0.5478539447630605,
                "recall": 0.6039924442127187,
                "f1": 0.573146726175021
            }
        },
        "precursor3": {
            "precision": 0.0,
            "recall": 0.0,
            "f1": 0.0,
            "tp": 0,
            "fp": 93,
            "fn": 93,
            "bertscore": {
                "precision": 0.622774149141004,
                "recall": 0.6858210589296074,
                "f1": 0.6511639606568121
            }
        },
        "coreactant": {
            "precision": 0.7349397590361446,
            "recall": 0.7349397590361446,
            "f1": 0.7349397590361445,
            "tp": 61,
            "fp": 22,
            "fn": 22,
            "bertscore": {
                "precision": 0.9340298254805875,
                "recall": 0.9441551451223442,
                "f1": 0.9389059163001646
            }
        },
        "overall": {
            "precision": 0.20202020202020202,
            "recall": 0.20202020202020202,
            "f1": 0.20202020202020202,
            "tp": 80,
            "fp": 316,
            "fn": 316,
            "bertscore": {
                "precision": 0.7074308272370964,
                "recall": 0.7466423744436679,
                "f1": 0.7251867926207151
            }
        }
    }
}