{
    "IGZO": {
        "material_deposited": {
            "precision": 0.775,
            "recall": 0.775,
            "f1": 0.775,
            "tp": 31,
            "fp": 9,
            "fn": 9,
            "bertscore": {
                "precision": 0.9041513592004776,
                "recall": 0.9158974170684815,
                "f1": 0.9095912724733353
            }
        },
        "precursor1": {
            "precision": 0.0,
            "recall": 0.0,
            "f1": 0.0,
            "tp": 0,
            "fp": 109,
            "fn": 109,
            "bertscore": {
                "precision": 0.5937419741525563,
                "recall": 0.6169256584359966,
                "f1": 0.6044859667436793
            }
        },
        "precursor2": {
            "precision": 0.0,
            "recall": 0.0,
            "f1": 0.0,
            "tp": 0,
            "fp": 109,
            "fn": 109,
            "bertscore": {
                "precision": 0.5278361338541049,
                "recall": 0.5850533875850362,
                "f1": 0.5529217405603566
            }
        },
        "precursor3": {
            "precision": 0.0,
            "recall": 0.0,
            "f1": 0.0,
            "tp": 0,
            "fp": 109,
            "fn": 109,
            "bertscore": {
                "precision": 0.597390830790231,
                "recall": 0.6526041173060005,
                "f1": 0.6220911232703322
            }
        },
        "coreactant": {
            "precision": 0.6764705882352942,
            "recall": 0.6764705882352942,
            "f1": 0.6764705882352942,
            "tp": 46,
            "fp": 22,
            "fn": 22,
            "bertscore": {
                "precision": 0.9174512843875324,
                "recall": 0.9299875813371995,
                "f1": 0.9234838582137052
            }
        },
        "overall": {
            "precision": 0.17701149425287357,
            "recall": 0.17701149425287357,
            "f1": 0.17701149425287357,
            "tp": 77,
            "fp": 358,
            "fn": 358,
            "bertscore": {
                "precision": 0.7081143164769804,
                "recall": 0.7400936323465428,
                "f1": 0.7225147922522817
            }
        }
    }
}