{
    "IGZO": {
        "material_deposited": {
            "precision": 0.575,
            "recall": 0.575,
            "f1": 0.575,
            "tp": 23,
            "fp": 17,
            "fn": 17,
            "bertscore": {
                "precision": 0.829637847840786,
                "recall": 0.8511849209666252,
                "f1": 0.8397542119026185
            }
        },
        "precursor1": {
            "precision": 0.0,
            "recall": 0.0,
            "f1": 0.0,
            "tp": 0,
            "fp": 104,
            "fn": 104,
            "bertscore": {
                "precision": 0.6238973582020173,
                "recall": 0.6371863719362479,
                "f1": 0.6277139714130988
            }
        },
        "precursor2": {
            "precision": 0.0,
            "recall": 0.0,
            "f1": 0.0,
            "tp": 0,
            "fp": 104,
            "fn": 104,
            "bertscore": {
                "precision": 0.58058789315132,
                "recall": 0.6192629784345627,
                "f1": 0.5985023906597724
            }
        },
        "precursor3": {
            "precision": 0.0,
            "recall": 0.0,
            "f1": 0.0,
            "tp": 0,
            "fp": 104,
            "fn": 104,
            "bertscore": {
                "precision": 0.6505835520533415,
                "recall": 0.6863420863564198,
                "f1": 0.6663572484484086
            }
        },
        "coreactant": {
            "precision": 0.5978260869565217,
            "recall": 0.5978260869565217,
            "f1": 0.5978260869565217,
            "tp": 55,
            "fp": 37,
            "fn": 37,
            "bertscore": {
                "precision": 0.9081026471179464,
                "recall": 0.9314634009547855,
                "f1": 0.9192516648251078
            }
        },
        "overall": {
            "precision": 0.17567567567567569,
            "recall": 0.17567567567567569,
            "f1": 0.17567567567567569,
            "tp": 78,
            "fp": 366,
            "fn": 366,
            "bertscore": {
                "precision": 0.7185618596730823,
                "recall": 0.7450879517297283,
                "f1": 0.7303158974498012
            }
        }
    }
}