{
    "entity": {
        "precision": 0.8143469971401335,
        "recall": 0.7331044840163056,
        "f1": 0.7715930902111325,
        "tp": 3417,
        "fp": 779,
        "fn": 1244,
        "bertscore": {
            "precision": 0.9658553529421624,
            "recall": 0.9699694290156435,
            "f1": 0.967644094761752
        }
    },
    "relation": {
        "precision": 0.6985230234578628,
        "recall": 0.7542213883677298,
        "f1": 0.7253044654939107,
        "tp": 804,
        "fp": 347,
        "fn": 262,
        "bertscore": {
            "precision": 0.9778323873379401,
            "recall": 0.977908273763174,
            "f1": 0.9778668249460912
        }
    }
}