{
    "entity": {
        "precision": 0.7888446215139442,
        "recall": 0.6796824715726238,
        "f1": 0.7302062924974068,
        "tp": 3168,
        "fp": 848,
        "fn": 1493,
        "bertscore": {
            "precision": 0.9624018797968984,
            "recall": 0.9687541875088764,
            "f1": 0.9652313904113176
        }
    },
    "relation": {
        "precision": 0.6562193927522038,
        "recall": 0.6285178236397748,
        "f1": 0.6420699568758984,
        "tp": 670,
        "fp": 351,
        "fn": 396,
        "bertscore": {
            "precision": 0.9774750098985813,
            "recall": 0.977621751162599,
            "f1": 0.9775456375680273
        }
    }
}