{
    "entity": {
        "precision": 0.7904536222071767,
        "recall": 0.5009654580562111,
        "f1": 0.613263296126067,
        "tp": 2335,
        "fp": 619,
        "fn": 2326,
        "bertscore": {
            "precision": 0.9650209299638951,
            "recall": 0.9708491396144293,
            "f1": 0.9676932429891582
        }
    },
    "relation": {
        "precision": 0.6956055734190782,
        "recall": 0.6088180112570356,
        "f1": 0.6493246623311656,
        "tp": 649,
        "fp": 284,
        "fn": 417,
        "bertscore": {
            "precision": 0.9732422548626151,
            "recall": 0.9731993502140045,
            "f1": 0.9732129362781842
        }
    }
}