{
    "entity": {
        "precision": 0.8170873786407767,
        "recall": 0.45140527783737394,
        "f1": 0.5815367606412383,
        "tp": 2104,
        "fp": 471,
        "fn": 2557,
        "bertscore": {
            "precision": 0.9669359559463583,
            "recall": 0.9723843024444855,
            "f1": 0.9694019292050201
        }
    },
    "relation": {
        "precision": 0.6160794941282746,
        "recall": 0.6397748592870544,
        "f1": 0.6277036355269213,
        "tp": 682,
        "fp": 425,
        "fn": 384,
        "bertscore": {
            "precision": 0.9930568875775452,
            "recall": 0.9930967648742218,
            "f1": 0.9930755378129463
        }
    }
}