{
    "entity": {
        "precision": 0.7162319968859479,
        "recall": 0.39476507187298865,
        "f1": 0.5089903181189489,
        "tp": 1840,
        "fp": 729,
        "fn": 2821,
        "bertscore": {
            "precision": 0.9437319045820993,
            "recall": 0.9510992448848344,
            "f1": 0.9470307531673988
        }
    },
    "relation": {
        "precision": 0.810126582278481,
        "recall": 0.4803001876172608,
        "f1": 0.6030624263839811,
        "tp": 512,
        "fp": 120,
        "fn": 554,
        "bertscore": {
            "precision": 0.8387828200419744,
            "recall": 0.8388734020431836,
            "f1": 0.8388253350834052
        }
    }
}