{
    "entity": {
        "precision": 0.7536813922356091,
        "recall": 0.6039476507187299,
        "f1": 0.6705574082896618,
        "tp": 2815,
        "fp": 920,
        "fn": 1846,
        "bertscore": {
            "precision": 0.9566092909883668,
            "recall": 0.9651034624301346,
            "f1": 0.9604594256533014
        }
    },
    "relation": {
        "precision": 0.5740131578947368,
        "recall": 0.6547842401500938,
        "f1": 0.6117440841367223,
        "tp": 698,
        "fp": 518,
        "fn": 368,
        "bertscore": {
            "precision": 0.9543447454842783,
            "recall": 0.9544262355727336,
            "f1": 0.9543818057883353
        }
    }
}