{
    "IGZO": {
        "material_deposited": {
            "precision": 0.2857142857142857,
            "recall": 0.2857142857142857,
            "f1": 0.2857142857142857,
            "tp": 4,
            "fp": 10,
            "fn": 10,
            "bertscore": {
                "precision": 0.7466861350195748,
                "recall": 0.7837858114923749,
                "f1": 0.7643526068755558
            }
        },
        "precursor1": {
            "precision": 0.0,
            "recall": 0.0,
            "f1": 0.0,
            "tp": 0,
            "fp": 42,
            "fn": 42,
            "bertscore": {
                "precision": 0.5928176939487457,
                "recall": 0.6062774672394707,
                "f1": 0.5983649747712272
            }
        },
        "precursor2": {
            "precision": 0.0,
            "recall": 0.0,
            "f1": 0.0,
            "tp": 0,
            "fp": 42,
            "fn": 42,
            "bertscore": {
                "precision": 0.5448521716254098,
                "recall": 0.593834746451605,
                "f1": 0.5664146918626058
            }
        },
        "precursor3": {
            "precision": 0.0,
            "recall": 0.0,
            "f1": 0.0,
            "tp": 0,
            "fp": 42,
            "fn": 42,
            "bertscore": {
                "precision": 0.6033974871748969,
                "recall": 0.6495937960488456,
                "f1": 0.6240025375570569
            }
        },
        "coreactant": {
            "precision": 0.6470588235294118,
            "recall": 0.6470588235294118,
            "f1": 0.6470588235294118,
            "tp": 22,
            "fp": 12,
            "fn": 12,
            "bertscore": {
                "precision": 0.9132013180676628,
                "recall": 0.929833487552755,
                "f1": 0.9211921604240642
            }
        },
        "overall": {
            "precision": 0.14942528735632185,
            "recall": 0.14942528735632185,
            "f1": 0.14942528735632185,
            "tp": 26,
            "fp": 148,
            "fn": 148,
            "bertscore": {
                "precision": 0.6801909611672581,
                "recall": 0.7126650617570103,
                "f1": 0.694865394298102
            }
        }
    }
}