{
    "IGZO": {
        "material_deposited": {
            "precision": 0.72,
            "recall": 0.72,
            "f1": 0.72,
            "tp": 18,
            "fp": 7,
            "fn": 7,
            "bertscore": {
                "precision": 0.8741801404953002,
                "recall": 0.8980440258979797,
                "f1": 0.8846470069885254
            }
        },
        "precursor1": {
            "precision": 0.0,
            "recall": 0.0,
            "f1": 0.0,
            "tp": 0,
            "fp": 62,
            "fn": 62,
            "bertscore": {
                "precision": 0.5826826879093724,
                "recall": 0.6171446990582251,
                "f1": 0.5984895022646073
            }
        },
        "precursor2": {
            "precision": 0.0,
            "recall": 0.0,
            "f1": 0.0,
            "tp": 0,
            "fp": 62,
            "fn": 62,
            "bertscore": {
                "precision": 0.5136051855741008,
                "recall": 0.5838489205606522,
                "f1": 0.5445091301395047
            }
        },
        "precursor3": {
            "precision": 0.0,
            "recall": 0.0,
            "f1": 0.0,
            "tp": 0,
            "fp": 62,
            "fn": 62,
            "bertscore": {
                "precision": 0.5759641225299528,
                "recall": 0.6435036861127422,
                "f1": 0.6061594342031786
            }
        },
        "coreactant": {
            "precision": 0.7272727272727273,
            "recall": 0.7272727272727273,
            "f1": 0.7272727272727273,
            "tp": 32,
            "fp": 12,
            "fn": 12,
            "bertscore": {
                "precision": 0.9252808744257147,
                "recall": 0.9363759918646379,
                "f1": 0.930565825917504
            }
        },
        "overall": {
            "precision": 0.19607843137254902,
            "recall": 0.19607843137254902,
            "f1": 0.19607843137254902,
            "tp": 50,
            "fp": 205,
            "fn": 205,
            "bertscore": {
                "precision": 0.6943426021868883,
                "recall": 0.7357834646988474,
                "f1": 0.712874179902664
            }
        }
    }
}