{
    "IGZO": {
        "material_deposited": {
            "precision": 0.5,
            "recall": 0.5,
            "f1": 0.5,
            "tp": 7,
            "fp": 7,
            "fn": 7,
            "bertscore": {
                "precision": 0.8148724479334695,
                "recall": 0.8385233453341893,
                "f1": 0.8261635686670031
            }
        },
        "precursor1": {
            "precision": 0.023809523809523808,
            "recall": 0.023809523809523808,
            "f1": 0.023809523809523808,
            "tp": 1,
            "fp": 41,
            "fn": 41,
            "bertscore": {
                "precision": 0.6368335811864763,
                "recall": 0.5974899374303364,
                "f1": 0.6156369036152249
            }
        },
        "precursor2": {
            "precision": 0.0,
            "recall": 0.0,
            "f1": 0.0,
            "tp": 0,
            "fp": 42,
            "fn": 42,
            "bertscore": {
                "precision": 0.5991228542157582,
                "recall": 0.6092428990772792,
                "f1": 0.603877508924121
            }
        },
        "precursor3": {
            "precision": 0.0,
            "recall": 0.0,
            "f1": 0.0,
            "tp": 0,
            "fp": 42,
            "fn": 42,
            "bertscore": {
                "precision": 0.6694350895427522,
                "recall": 0.6604524567013695,
                "f1": 0.6647378930023738
            }
        },
        "coreactant": {
            "precision": 0.5625,
            "recall": 0.5625,
            "f1": 0.5625,
            "tp": 18,
            "fp": 14,
            "fn": 14,
            "bertscore": {
                "precision": 0.8994817994534969,
                "recall": 0.9041787050664425,
                "f1": 0.9014265928417444
            }
        },
        "overall": {
            "precision": 0.1511627906976744,
            "recall": 0.1511627906976744,
            "f1": 0.1511627906976744,
            "tp": 26,
            "fp": 146,
            "fn": 146,
            "bertscore": {
                "precision": 0.7239491544663906,
                "recall": 0.7219774687219234,
                "f1": 0.7223684934100935
            }
        }
    }
}