{
    "IGZO": {
        "material_deposited": {
            "precision": 0.6428571428571429,
            "recall": 0.6428571428571429,
            "f1": 0.6428571428571429,
            "tp": 9,
            "fp": 5,
            "fn": 5,
            "bertscore": {
                "precision": 0.8638979494571686,
                "recall": 0.8817857929638454,
                "f1": 0.872393399477005
            }
        },
        "precursor1": {
            "precision": 0.0,
            "recall": 0.0,
            "f1": 0.0,
            "tp": 0,
            "fp": 40,
            "fn": 40,
            "bertscore": {
                "precision": 0.6111242517828941,
                "recall": 0.5834040686488151,
                "f1": 0.5953799709677696
            }
        },
        "precursor2": {
            "precision": 0.0,
            "recall": 0.0,
            "f1": 0.0,
            "tp": 0,
            "fp": 40,
            "fn": 40,
            "bertscore": {
                "precision": 0.5878685720264911,
                "recall": 0.6059200257062912,
                "f1": 0.596400012075901
            }
        },
        "precursor3": {
            "precision": 0.0,
            "recall": 0.0,
            "f1": 0.0,
            "tp": 0,
            "fp": 40,
            "fn": 40,
            "bertscore": {
                "precision": 0.6552109807729721,
                "recall": 0.6565257847309113,
                "f1": 0.6554727926850319
            }
        },
        "coreactant": {
            "precision": 0.7714285714285715,
            "recall": 0.7714285714285715,
            "f1": 0.7714285714285715,
            "tp": 27,
            "fp": 8,
            "fn": 8,
            "bertscore": {
                "precision": 0.9483286823545184,
                "recall": 0.9427396757262093,
                "f1": 0.9453901699611119
            }
        },
        "overall": {
            "precision": 0.21301775147928995,
            "recall": 0.21301775147928995,
            "f1": 0.21301775147928995,
            "tp": 36,
            "fp": 133,
            "fn": 133,
            "bertscore": {
                "precision": 0.733286087278809,
                "recall": 0.7340750695552145,
                "f1": 0.7330072690333639
            }
        }
    }
}