{
    "entity": {
        "precision": 0.7897918065815984,
        "recall": 0.665911664779162,
        "f1": 0.7225806451612904,
        "tp": 1176,
        "fp": 313,
        "fn": 590,
        "bertscore": {
            "precision": 0.9693946839680367,
            "recall": 0.9735792591186423,
            "f1": 0.9711847514378088
        }
    },
    "relation": {
        "precision": 0.20146137787056367,
        "recall": 0.16595012897678418,
        "f1": 0.18198962753418196,
        "tp": 193,
        "fp": 765,
        "fn": 970,
        "bertscore": {
            "precision": 0.8788794748811724,
            "recall": 0.872173433084562,
            "f1": 0.8749186512759536
        }
    }
}