{
    "entity": {
        "precision": 0.6823056300268097,
        "recall": 0.5764439411098528,
        "f1": 0.6249232658072438,
        "tp": 1018,
        "fp": 474,
        "fn": 748,
        "bertscore": {
            "precision": 0.9484218738257103,
            "recall": 0.9581086064482469,
            "f1": 0.9527140157591983
        }
    },
    "relation": {
        "precision": 0.003968253968253968,
        "recall": 0.0017196904557179708,
        "f1": 0.002399520095980804,
        "tp": 2,
        "fp": 502,
        "fn": 1161,
        "bertscore": {
            "precision": 0.7938075935724492,
            "recall": 0.7876275283416596,
            "f1": 0.7901151935942579
        }
    }
}