{
    "entity": {
        "precision": 0.5808656036446469,
        "recall": 0.4331823329558324,
        "f1": 0.49626986701264997,
        "tp": 765,
        "fp": 552,
        "fn": 1001,
        "bertscore": {
            "precision": 0.9225106779391946,
            "recall": 0.9317432509911199,
            "f1": 0.9263745215377333
        }
    },
    "relation": {
        "precision": 0.041666666666666664,
        "recall": 0.012037833190025795,
        "f1": 0.018679119412941963,
        "tp": 14,
        "fp": 322,
        "fn": 1149,
        "bertscore": {
            "precision": 0.7914144882886183,
            "recall": 0.7770034254455851,
            "f1": 0.7834757676097373
        }
    }
}