{
    "entity": {
        "precision": 0.6464912280701754,
        "recall": 0.4173272933182333,
        "f1": 0.5072264280798348,
        "tp": 737,
        "fp": 403,
        "fn": 1029,
        "bertscore": {
            "precision": 0.9371219533576507,
            "recall": 0.9465131479474813,
            "f1": 0.9412819974328025
        }
    },
    "relation": {
        "precision": 0.019342359767891684,
        "recall": 0.008598452278589854,
        "f1": 0.011904761904761906,
        "tp": 10,
        "fp": 507,
        "fn": 1153,
        "bertscore": {
            "precision": 0.7924649165835419,
            "recall": 0.7740266879691022,
            "f1": 0.7824000050940662
        }
    }
}