{
    "entity": {
        "precision": 0.4084755738669806,
        "recall": 0.3929784824462061,
        "f1": 0.4005772005772006,
        "tp": 694,
        "fp": 1005,
        "fn": 1072,
        "bertscore": {
            "precision": 0.8803386020676455,
            "recall": 0.8982532197813012,
            "f1": 0.8882270053385736
        }
    },
    "relation": {
        "precision": 0.0,
        "recall": 0.0,
        "f1": 0.0,
        "tp": 0,
        "fp": 711,
        "fn": 1163,
        "bertscore": {
            "precision": 0.7506634991566911,
            "recall": 0.746248738925949,
            "f1": 0.7474562939681053
        }
    }
}