{
    "entity": {
        "precision": 0.5391032325338895,
        "recall": 0.5855039637599094,
        "f1": 0.5613463626492943,
        "tp": 1034,
        "fp": 884,
        "fn": 732,
        "bertscore": {
            "precision": 0.9129087030951082,
            "recall": 0.9243375225512612,
            "f1": 0.9178550321401473
        }
    },
    "relation": {
        "precision": 0.08262454434993925,
        "recall": 0.058469475494411005,
        "f1": 0.06847935548841892,
        "tp": 68,
        "fp": 755,
        "fn": 1095,
        "bertscore": {
            "precision": 0.8436995359138482,
            "recall": 0.8269330708008272,
            "f1": 0.8346086699547998
        }
    }
}