{
    "entity": {
        "precision": 0.829466929911155,
        "recall": 0.721089894872345,
        "f1": 0.7714908757029726,
        "tp": 3361,
        "fp": 691,
        "fn": 1300,
        "bertscore": {
            "precision": 0.9777748619504408,
            "recall": 0.9818770958879735,
            "f1": 0.9796074314612258
        }
    },
    "relation": {
        "precision": 0.4960212201591512,
        "recall": 0.5262664165103189,
        "f1": 0.5106964041875285,
        "tp": 561,
        "fp": 570,
        "fn": 505,
        "bertscore": {
            "precision": 0.9562348183590268,
            "recall": 0.9572558839469675,
            "f1": 0.9567270186334376
        }
    }
}