{
    "entity": {
        "precision": 0.7532036070242051,
        "recall": 0.6809697489809053,
        "f1": 0.7152676056338029,
        "tp": 3174,
        "fp": 1040,
        "fn": 1487,
        "bertscore": {
            "precision": 0.9676275258180852,
            "recall": 0.9744221374070388,
            "f1": 0.9706633364911235
        }
    },
    "relation": {
        "precision": 0.0,
        "recall": 0.0,
        "f1": 0.0,
        "tp": 0,
        "fp": 834,
        "fn": 1066,
        "bertscore": {
            "precision": 0.8311299012351603,
            "recall": 0.8310154909230414,
            "f1": 0.8309686660404716
        }
    }
}