{
    "entity": {
        "precision": 0.7589545014520813,
        "recall": 0.5046127440463419,
        "f1": 0.6061855670103092,
        "tp": 2352,
        "fp": 747,
        "fn": 2309,
        "bertscore": {
            "precision": 0.9611422278995492,
            "recall": 0.968603356599681,
            "f1": 0.9645658068559539
        }
    },
    "relation": {
        "precision": 0.05263157894736842,
        "recall": 0.03564727954971857,
        "f1": 0.04250559284116331,
        "tp": 38,
        "fp": 684,
        "fn": 1028,
        "bertscore": {
            "precision": 0.8772780832615636,
            "recall": 0.8739311949437573,
            "f1": 0.8753562639663617
        }
    }
}