{
    "entity": {
        "precision": 0.7707567964731815,
        "recall": 0.45011800042909245,
        "f1": 0.5683326561018556,
        "tp": 2098,
        "fp": 624,
        "fn": 2563,
        "bertscore": {
            "precision": 0.9605319030409137,
            "recall": 0.9680140741051306,
            "f1": 0.9639119825493982
        }
    },
    "relation": {
        "precision": 0.014866204162537165,
        "recall": 0.014071294559099437,
        "f1": 0.014457831325301203,
        "tp": 15,
        "fp": 994,
        "fn": 1051,
        "bertscore": {
            "precision": 0.8789991281415734,
            "recall": 0.8726114124083093,
            "f1": 0.875467300213968
        }
    }
}