{
    "entity": {
        "precision": 0.5661594015991747,
        "recall": 0.4709289851963098,
        "f1": 0.5141719372218319,
        "tp": 2195,
        "fp": 1682,
        "fn": 2466,
        "bertscore": {
            "precision": 0.9165405263502545,
            "recall": 0.9312736607671409,
            "f1": 0.9232437115868039
        }
    },
    "relation": {
        "precision": 0.0,
        "recall": 0.0,
        "f1": 0.0,
        "tp": 0,
        "fp": 661,
        "fn": 1066,
        "bertscore": {
            "precision": 0.7618851620481127,
            "recall": 0.7400801457248983,
            "f1": 0.7497674189882618
        }
    }
}