{
    "entity": {
        "precision": 0.6708369283865401,
        "recall": 0.6672387899592362,
        "f1": 0.6690330214047542,
        "tp": 3110,
        "fp": 1526,
        "fn": 1551,
        "bertscore": {
            "precision": 0.949706782615189,
            "recall": 0.9598665284047831,
            "f1": 0.9543312837622155
        }
    },
    "relation": {
        "precision": 0.11278792692613185,
        "recall": 0.13320825515947468,
        "f1": 0.12215053763440861,
        "tp": 142,
        "fp": 1117,
        "fn": 924,
        "bertscore": {
            "precision": 0.9365111038153607,
            "recall": 0.9363598857603376,
            "f1": 0.9363907055878923
        }
    }
}