{
    "IGZO": {
        "material_deposited": {
            "precision": 0.7857142857142857,
            "recall": 0.7857142857142857,
            "f1": 0.7857142857142857,
            "tp": 11,
            "fp": 3,
            "fn": 3,
            "bertscore": {
                "precision": 0.9129234509808677,
                "recall": 0.9250482405935015,
                "f1": 0.9186232302870069
            }
        },
        "precursor1": {
            "precision": 0.0,
            "recall": 0.0,
            "f1": 0.0,
            "tp": 0,
            "fp": 37,
            "fn": 37,
            "bertscore": {
                "precision": 0.6156409801663579,
                "recall": 0.5856715537406303,
                "f1": 0.5987534200822985
            }
        },
        "precursor2": {
            "precision": 0.0,
            "recall": 0.0,
            "f1": 0.0,
            "tp": 0,
            "fp": 37,
            "fn": 37,
            "bertscore": {
                "precision": 0.5880935095451973,
                "recall": 0.6070258891260302,
                "f1": 0.5971127684051926
            }
        },
        "precursor3": {
            "precision": 0.0,
            "recall": 0.0,
            "f1": 0.0,
            "tp": 0,
            "fp": 37,
            "fn": 37,
            "bertscore": {
                "precision": 0.6549960938659874,
                "recall": 0.6562153503701493,
                "f1": 0.6551970855609791
            }
        },
        "coreactant": {
            "precision": 0.7931034482758621,
            "recall": 0.7931034482758621,
            "f1": 0.7931034482758621,
            "tp": 23,
            "fp": 6,
            "fn": 6,
            "bertscore": {
                "precision": 0.959386223349078,
                "recall": 0.9725077357785455,
                "f1": 0.96563295043748
            }
        },
        "overall": {
            "precision": 0.22077922077922077,
            "recall": 0.22077922077922077,
            "f1": 0.22077922077922077,
            "tp": 34,
            "fp": 120,
            "fn": 120,
            "bertscore": {
                "precision": 0.7462080515814977,
                "recall": 0.7492937539217713,
                "f1": 0.7470638909545915
            }
        }
    }
}