{
    "chemicalNames": {
        "precision": 0.47440273037542663,
        "recall": 0.11282467532467533,
        "f1": 0.18229508196721314,
        "tp": 139,
        "fp": 154,
        "fn": 1093,
        "bertscore": {
            "precision": 0.8286622933895579,
            "recall": 0.8379993558802185,
            "f1": 0.8323601490071427
        }
    },
    "propertyNames": {
        "precision": 0.2896551724137931,
        "recall": 0.06624605678233439,
        "f1": 0.10783055198973042,
        "tp": 84,
        "fp": 206,
        "fn": 1184,
        "bertscore": {
            "precision": 0.7918788376081952,
            "recall": 0.8015299052502664,
            "f1": 0.796402090855889
        }
    },
    "propertyValues": {
        "precision": 0.17894736842105263,
        "recall": 0.05711086226203808,
        "f1": 0.08658743633276741,
        "tp": 51,
        "fp": 234,
        "fn": 842,
        "bertscore": {
            "precision": 0.689767333789773,
            "recall": 0.6945071937131977,
            "f1": 0.6910572802071416
        }
    },
    "conditions": {
        "precision": 0.0,
        "recall": 0.0,
        "f1": 0.0,
        "tp": 0,
        "fp": 83,
        "fn": 49,
        "bertscore": {
            "precision": 0.1206426824339562,
            "recall": 0.11574664049678379,
            "f1": 0.11788767850440408
        }
    },
    "relation": {
        "precision": 0.037162162162162164,
        "recall": 0.0210727969348659,
        "f1": 0.02689486552567237,
        "tp": 11,
        "fp": 285,
        "fn": 511,
        "bertscore": {
            "precision": 0.5908876009854592,
            "recall": 0.5833609810675539,
            "f1": 0.5858851772910427
        }
    }
}