{
    "chemicalNames": {
        "precision": 0.3969849246231156,
        "recall": 0.07362534948741846,
        "f1": 0.12421383647798742,
        "tp": 79,
        "fp": 120,
        "fn": 994,
        "bertscore": {
            "precision": 0.870745046984547,
            "recall": 0.889050370634779,
            "f1": 0.8789971149800201
        }
    },
    "propertyNames": {
        "precision": 0.23853211009174313,
        "recall": 0.048826291079812206,
        "f1": 0.08106001558846455,
        "tp": 52,
        "fp": 166,
        "fn": 1013,
        "bertscore": {
            "precision": 0.7857174925384967,
            "recall": 0.8024180955933916,
            "f1": 0.7935316969414483
        }
    },
    "propertyValues": {
        "precision": 0.1945392491467577,
        "recall": 0.07651006711409396,
        "f1": 0.10982658959537572,
        "tp": 57,
        "fp": 236,
        "fn": 688,
        "bertscore": {
            "precision": 0.7662312424482772,
            "recall": 0.780496505598416,
            "f1": 0.7719685677392167
        }
    },
    "conditions": {
        "precision": 0.0,
        "recall": 0.0,
        "f1": 0.0,
        "tp": 0,
        "fp": 93,
        "fn": 42,
        "bertscore": {
            "precision": 0.11508389943983496,
            "recall": 0.10920844596575915,
            "f1": 0.11146201132758846
        }
    },
    "relation": {
        "precision": 0.028846153846153848,
        "recall": 0.020689655172413793,
        "f1": 0.024096385542168676,
        "tp": 9,
        "fp": 303,
        "fn": 426,
        "bertscore": {
            "precision": 0.6623472032548612,
            "recall": 0.6687698446436303,
            "f1": 0.6638700571123177
        }
    }
}