{
    "chemicalNames": {
        "precision": 0.6216216216216216,
        "recall": 0.13745019920318724,
        "f1": 0.2251223491027732,
        "tp": 69,
        "fp": 42,
        "fn": 433,
        "bertscore": {
            "precision": 0.9248859972870054,
            "recall": 0.9201419983315731,
            "f1": 0.9215846564719938
        }
    },
    "propertyNames": {
        "precision": 0.41116751269035534,
        "recall": 0.18120805369127516,
        "f1": 0.25155279503105593,
        "tp": 81,
        "fp": 116,
        "fn": 366,
        "bertscore": {
            "precision": 0.8987864053750642,
            "recall": 0.8974249114418645,
            "f1": 0.8979956194736913
        }
    },
    "propertyValues": {
        "precision": 0.30666666666666664,
        "recall": 0.27058823529411763,
        "f1": 0.2875,
        "tp": 69,
        "fp": 156,
        "fn": 186,
        "bertscore": {
            "precision": 0.8631308706233183,
            "recall": 0.877709958814236,
            "f1": 0.8695105022064551
        }
    },
    "conditions": {
        "precision": 0.0851063829787234,
        "recall": 0.4,
        "f1": 0.14035087719298245,
        "tp": 4,
        "fp": 43,
        "fn": 6,
        "bertscore": {
            "precision": 0.1212121175997185,
            "recall": 0.1212121175997185,
            "f1": 0.1212121175997185
        }
    },
    "relation": {
        "precision": 0.16744186046511628,
        "recall": 0.288,
        "f1": 0.2117647058823529,
        "tp": 36,
        "fp": 179,
        "fn": 89,
        "bertscore": {
            "precision": 0.7392710047237802,
            "recall": 0.7384399995358303,
            "f1": 0.7377080578996678
        }
    }
}