{
    "chemicalNames": {
        "precision": 0.4594594594594595,
        "recall": 0.14782608695652175,
        "f1": 0.22368421052631582,
        "tp": 34,
        "fp": 40,
        "fn": 196,
        "bertscore": {
            "precision": 0.8715840092963643,
            "recall": 0.8752076882179137,
            "f1": 0.8726745502264411
        }
    },
    "propertyNames": {
        "precision": 0.3669064748201439,
        "recall": 0.2170212765957447,
        "f1": 0.2727272727272727,
        "tp": 51,
        "fp": 88,
        "fn": 184,
        "bertscore": {
            "precision": 0.8472545860889906,
            "recall": 0.8421220361403157,
            "f1": 0.8444854128099007
        }
    },
    "propertyValues": {
        "precision": 0.2822085889570552,
        "recall": 0.32857142857142857,
        "f1": 0.30363036303630364,
        "tp": 46,
        "fp": 117,
        "fn": 94,
        "bertscore": {
            "precision": 0.8580536998673993,
            "recall": 0.8561675018834747,
            "f1": 0.8564768853138177
        }
    },
    "conditions": {
        "precision": 0.08620689655172414,
        "recall": 1.0,
        "f1": 0.15873015873015872,
        "tp": 5,
        "fp": 53,
        "fn": 0,
        "bertscore": {
            "precision": 0.2777777744664086,
            "recall": 0.2777777744664086,
            "f1": 0.2777777744664086
        }
    },
    "relation": {
        "precision": 0.11917098445595854,
        "recall": 0.27710843373493976,
        "f1": 0.16666666666666666,
        "tp": 23,
        "fp": 170,
        "fn": 60,
        "bertscore": {
            "precision": 0.874229120463133,
            "recall": 0.8629196137465812,
            "f1": 0.8676485921497697
        }
    }
}