{
    "chemicalNames": {
        "precision": 0.3321917808219178,
        "recall": 0.11960542540073983,
        "f1": 0.1758839528558477,
        "tp": 97,
        "fp": 195,
        "fn": 714,
        "bertscore": {
            "precision": 0.8600846293711656,
            "recall": 0.8852902225091066,
            "f1": 0.8713045102895421
        }
    },
    "propertyNames": {
        "precision": 0.1372093023255814,
        "recall": 0.08274894810659186,
        "f1": 0.10323709536307961,
        "tp": 59,
        "fp": 371,
        "fn": 654,
        "bertscore": {
            "precision": 0.7628161176325239,
            "recall": 0.7907334467707952,
            "f1": 0.7755110276017481
        }
    },
    "propertyValues": {
        "precision": 0.09596928982725528,
        "recall": 0.10504201680672269,
        "f1": 0.10030090270812438,
        "tp": 50,
        "fp": 471,
        "fn": 426,
        "bertscore": {
            "precision": 0.7273305200847617,
            "recall": 0.7352007474803529,
            "f1": 0.7300450995934745
        }
    },
    "conditions": {
        "precision": 0.0,
        "recall": 0.0,
        "f1": 0.0,
        "tp": 0,
        "fp": 154,
        "fn": 20,
        "bertscore": {
            "precision": 0.1304611198182376,
            "recall": 0.12678448490376742,
            "f1": 0.1281440224287645
        }
    },
    "relation": {
        "precision": 0.007125890736342043,
        "recall": 0.01107011070110701,
        "f1": 0.008670520231213874,
        "tp": 3,
        "fp": 418,
        "fn": 268,
        "bertscore": {
            "precision": 0.6129437019333899,
            "recall": 0.6134464024747693,
            "f1": 0.6113109988049141
        }
    }
}