{
    "chemicalNames": {
        "precision": 0.3467741935483871,
        "recall": 0.11345646437994723,
        "f1": 0.17097415506958252,
        "tp": 86,
        "fp": 162,
        "fn": 672,
        "bertscore": {
            "precision": 0.8522903361137448,
            "recall": 0.8633317507376781,
            "f1": 0.8567892743971982
        }
    },
    "propertyNames": {
        "precision": 0.2947976878612717,
        "recall": 0.15501519756838905,
        "f1": 0.20318725099601595,
        "tp": 102,
        "fp": 244,
        "fn": 556,
        "bertscore": {
            "precision": 0.8207474278710558,
            "recall": 0.827607153752407,
            "f1": 0.8238976322632358
        }
    },
    "propertyValues": {
        "precision": 0.15676959619952494,
        "recall": 0.1476510067114094,
        "f1": 0.15207373271889404,
        "tp": 66,
        "fp": 355,
        "fn": 381,
        "bertscore": {
            "precision": 0.7748160543399207,
            "recall": 0.7874727636266105,
            "f1": 0.780170906661947
        }
    },
    "conditions": {
        "precision": 0.0,
        "recall": 0.0,
        "f1": 0.0,
        "tp": 0,
        "fp": 111,
        "fn": 19,
        "bertscore": {
            "precision": 0.17299098594515933,
            "recall": 0.16747549935883166,
            "f1": 0.16987028834866544
        }
    },
    "relation": {
        "precision": 0.008403361344537815,
        "recall": 0.01652892561983471,
        "f1": 0.011142061281337049,
        "tp": 4,
        "fp": 472,
        "fn": 238,
        "bertscore": {
            "precision": 0.6346041635068413,
            "recall": 0.6507513123594858,
            "f1": 0.6416562419214279
        }
    }
}