{
    "ZnO": {
        "material_deposited": {
            "precision": 0.9337016574585635,
            "recall": 0.9337016574585635,
            "f1": 0.9337016574585635,
            "tp": 169,
            "fp": 12,
            "fn": 12,
            "bertscore": {
                "precision": 0.9798324509878844,
                "recall": 0.9841274787049267,
                "f1": 0.981834489996262
            }
        },
        "precursor": {
            "precision": 0.02304147465437788,
            "recall": 0.02304147465437788,
            "f1": 0.02304147465437788,
            "tp": 5,
            "fp": 212,
            "fn": 212,
            "bertscore": {
                "precision": 0.6574094405372022,
                "recall": 0.6771080304400712,
                "f1": 0.6660625118813757
            }
        },
        "coreactant1": {
            "precision": 0.5799086757990868,
            "recall": 0.5799086757990868,
            "f1": 0.5799086757990868,
            "tp": 127,
            "fp": 92,
            "fn": 92,
            "bertscore": {
                "precision": 0.8834008264215025,
                "recall": 0.8763271121129598,
                "f1": 0.8785501103422958
            }
        },
        "coreactant2": {
            "precision": 0.5,
            "recall": 0.5,
            "f1": 0.5,
            "tp": 3,
            "fp": 3,
            "fn": 3,
            "bertscore": {
                "precision": 0.8305933773517609,
                "recall": 0.8656709790229797,
                "f1": 0.846919596195221
            }
        },
        "coreactant3": {
            "precision": 0.0,
            "recall": 0.0,
            "f1": 0.0,
            "tp": 0,
            "fp": 0,
            "fn": 0
        },
        "overall": {
            "precision": 0.48796147672552165,
            "recall": 0.48796147672552165,
            "f1": 0.48796147672552165,
            "tp": 304,
            "fp": 319,
            "fn": 319,
            "bertscore": {
                "precision": 0.8378090238245874,
                "recall": 0.8508084000702343,
                "f1": 0.8433416771037886
            }
        }
    }
}