{
    "ZnO": {
        "material_deposited": {
            "precision": 0.984375,
            "recall": 0.984375,
            "f1": 0.984375,
            "tp": 189,
            "fp": 3,
            "fn": 3,
            "bertscore": {
                "precision": 0.994589852479597,
                "recall": 0.9958912724008163,
                "f1": 0.9951967525606354
            }
        },
        "precursor": {
            "precision": 0.023696682464454975,
            "recall": 0.023696682464454975,
            "f1": 0.023696682464454975,
            "tp": 5,
            "fp": 206,
            "fn": 206,
            "bertscore": {
                "precision": 0.6506498269560212,
                "recall": 0.6697082005405878,
                "f1": 0.6590571313107748
            }
        },
        "coreactant1": {
            "precision": 0.5,
            "recall": 0.5,
            "f1": 0.5,
            "tp": 101,
            "fp": 101,
            "fn": 101,
            "bertscore": {
                "precision": 0.8413553317584613,
                "recall": 0.820522877101851,
                "f1": 0.8293498547950594
            }
        },
        "coreactant2": {
            "precision": 0.3333333333333333,
            "recall": 0.3333333333333333,
            "f1": 0.3333333333333333,
            "tp": 2,
            "fp": 4,
            "fn": 4,
            "bertscore": {
                "precision": 0.7731288274129232,
                "recall": 0.8058272997538248,
                "f1": 0.7882523834705353
            }
        },
        "coreactant3": {
            "precision": 0.0,
            "recall": 0.0,
            "f1": 0.0,
            "tp": 0,
            "fp": 0,
            "fn": 0
        },
        "overall": {
            "precision": 0.486088379705401,
            "recall": 0.486088379705401,
            "f1": 0.486088379705401,
            "tp": 297,
            "fp": 314,
            "fn": 314,
            "bertscore": {
                "precision": 0.8149309596517507,
                "recall": 0.82298741244927,
                "f1": 0.8179640305342513
            }
        }
    }
}