{
    "ZnO": {
        "material_deposited": {
            "precision": 0.9438202247191011,
            "recall": 0.9438202247191011,
            "f1": 0.9438202247191011,
            "tp": 168,
            "fp": 10,
            "fn": 10,
            "bertscore": {
                "precision": 0.9808544057808565,
                "recall": 0.9879507305247061,
                "f1": 0.9839106459965866
            }
        },
        "precursor": {
            "precision": 0.02512562814070352,
            "recall": 0.02512562814070352,
            "f1": 0.02512562814070352,
            "tp": 5,
            "fp": 194,
            "fn": 194,
            "bertscore": {
                "precision": 0.658190723340116,
                "recall": 0.6583045346653043,
                "f1": 0.6575423308353329
            }
        },
        "coreactant1": {
            "precision": 0.6391752577319587,
            "recall": 0.6391752577319587,
            "f1": 0.6391752577319587,
            "tp": 124,
            "fp": 70,
            "fn": 70,
            "bertscore": {
                "precision": 0.9009843241308153,
                "recall": 0.886520808658649,
                "f1": 0.8921942544966629
            }
        },
        "coreactant2": {
            "precision": 0.6,
            "recall": 0.6,
            "f1": 0.6,
            "tp": 3,
            "fp": 2,
            "fn": 2,
            "bertscore": {
                "precision": 0.8762430429458619,
                "recall": 0.9087032198905944,
                "f1": 0.8912032008171081
            }
        },
        "coreactant3": {
            "precision": 0.0,
            "recall": 0.0,
            "f1": 0.0,
            "tp": 0,
            "fp": 0,
            "fn": 0
        },
        "overall": {
            "precision": 0.5208333333333334,
            "recall": 0.5208333333333334,
            "f1": 0.5208333333333334,
            "tp": 300,
            "fp": 276,
            "fn": 276,
            "bertscore": {
                "precision": 0.8540681240494123,
                "recall": 0.8603698234348134,
                "f1": 0.8562126080364226
            }
        }
    }
}