{
    "ZnO": {
        "material_deposited": {
            "precision": 0.8047337278106509,
            "recall": 0.8047337278106509,
            "f1": 0.8047337278106509,
            "tp": 272,
            "fp": 66,
            "fn": 66,
            "bertscore": {
                "precision": 0.9348255151651315,
                "recall": 0.9547536713484477,
                "f1": 0.9435649314928337
            }
        },
        "precursor": {
            "precision": 0.017587939698492462,
            "recall": 0.017587939698492462,
            "f1": 0.017587939698492462,
            "tp": 7,
            "fp": 391,
            "fn": 391,
            "bertscore": {
                "precision": 0.6426494126793129,
                "recall": 0.6756957081993621,
                "f1": 0.6582064920633881
            }
        },
        "coreactant1": {
            "precision": 0.08771929824561403,
            "recall": 0.08771929824561403,
            "f1": 0.08771929824561403,
            "tp": 35,
            "fp": 364,
            "fn": 364,
            "bertscore": {
                "precision": 0.6858425613931546,
                "recall": 0.6283390622091174,
                "f1": 0.6537641073976245
            }
        },
        "coreactant2": {
            "precision": 0.11764705882352941,
            "recall": 0.11764705882352941,
            "f1": 0.11764705882352941,
            "tp": 2,
            "fp": 15,
            "fn": 15,
            "bertscore": {
                "precision": 0.6882515549659729,
                "recall": 0.7179907805779401,
                "f1": 0.7022775446667391
            }
        },
        "coreactant3": {
            "precision": 0.0,
            "recall": 0.0,
            "f1": 0.0,
            "tp": 0,
            "fp": 0,
            "fn": 0
        },
        "overall": {
            "precision": 0.2743055555555556,
            "recall": 0.2743055555555556,
            "f1": 0.2743055555555556,
            "tp": 316,
            "fp": 836,
            "fn": 836,
            "bertscore": {
                "precision": 0.7378922610508929,
                "recall": 0.7441948055837169,
                "f1": 0.7394532689051463
            }
        }
    }
}