{
    "ZnO": {
        "material_deposited": {
            "precision": 0.926829268292683,
            "recall": 0.926829268292683,
            "f1": 0.926829268292683,
            "tp": 76,
            "fp": 6,
            "fn": 6,
            "bertscore": {
                "precision": 0.9813341512912657,
                "recall": 0.9847598599224556,
                "f1": 0.982982420339817
            }
        },
        "precursor": {
            "precision": 0.07058823529411765,
            "recall": 0.07058823529411765,
            "f1": 0.07058823529411765,
            "tp": 6,
            "fp": 79,
            "fn": 79,
            "bertscore": {
                "precision": 0.6800465415505802,
                "recall": 0.7190804769011104,
                "f1": 0.6975238281137803
            }
        },
        "coreactant1": {
            "precision": 0.3764705882352941,
            "recall": 0.3764705882352941,
            "f1": 0.37647058823529406,
            "tp": 32,
            "fp": 53,
            "fn": 53,
            "bertscore": {
                "precision": 0.8105039217892815,
                "recall": 0.7945318989893969,
                "f1": 0.7995534058879403
            }
        },
        "coreactant2": {
            "precision": 0.3333333333333333,
            "recall": 0.3333333333333333,
            "f1": 0.3333333333333333,
            "tp": 1,
            "fp": 2,
            "fn": 2,
            "bertscore": {
                "precision": 0.7937382857004801,
                "recall": 0.8478385806083679,
                "f1": 0.8186718821525574
            }
        },
        "coreactant3": {
            "precision": 0.0,
            "recall": 0.0,
            "f1": 0.0,
            "tp": 0,
            "fp": 0,
            "fn": 0
        },
        "overall": {
            "precision": 0.45098039215686275,
            "recall": 0.45098039215686275,
            "f1": 0.45098039215686275,
            "tp": 115,
            "fp": 140,
            "fn": 140,
            "bertscore": {
                "precision": 0.8164057250829019,
                "recall": 0.8365527041053327,
                "f1": 0.8246828841235238
            }
        }
    }
}