{
    "entity": {
        "precision": 0.7743421052631579,
        "recall": 0.6664779161947905,
        "f1": 0.7163724893487523,
        "tp": 1177,
        "fp": 343,
        "fn": 589,
        "bertscore": {
            "precision": 0.967266288517757,
            "recall": 0.9714311764022008,
            "f1": 0.9690633060129898
        }
    },
    "relation": {
        "precision": 0.1758130081300813,
        "recall": 0.14875322441960448,
        "f1": 0.16115510013972986,
        "tp": 173,
        "fp": 811,
        "fn": 990,
        "bertscore": {
            "precision": 0.872845576619799,
            "recall": 0.8628600324516253,
            "f1": 0.867203311456354
        }
    }
}