{
    "entity": {
        "precision": 0.6505625413633356,
        "recall": 0.5566251415628539,
        "f1": 0.5999389685688129,
        "tp": 983,
        "fp": 528,
        "fn": 783,
        "bertscore": {
            "precision": 0.9464004595358714,
            "recall": 0.9552737222583285,
            "f1": 0.9503306956159794
        }
    },
    "relation": {
        "precision": 0.015065913370998116,
        "recall": 0.006878761822871883,
        "f1": 0.009445100354191263,
        "tp": 8,
        "fp": 523,
        "fn": 1155,
        "bertscore": {
            "precision": 0.7813796893828822,
            "recall": 0.776512018809846,
            "f1": 0.778154455578784
        }
    }
}