{
    "entity": {
        "precision": 0.5851063829787234,
        "recall": 0.4983012457531144,
        "f1": 0.5382262996941896,
        "tp": 880,
        "fp": 624,
        "fn": 886,
        "bertscore": {
            "precision": 0.9213860872298792,
            "recall": 0.9318608636017354,
            "f1": 0.9259700898949427
        }
    },
    "relation": {
        "precision": 0.05217391304347826,
        "recall": 0.02063628546861565,
        "f1": 0.029574861367837334,
        "tp": 24,
        "fp": 436,
        "fn": 1139,
        "bertscore": {
            "precision": 0.7777372377807,
            "recall": 0.7641392398117464,
            "f1": 0.7701760307818237
        }
    }
}