{
    "entity": {
        "precision": 0.6283595922150139,
        "recall": 0.38391845979614947,
        "f1": 0.4766256590509666,
        "tp": 678,
        "fp": 401,
        "fn": 1088,
        "bertscore": {
            "precision": 0.9240999437986881,
            "recall": 0.9350757101199494,
            "f1": 0.9289486504042678
        }
    },
    "relation": {
        "precision": 0.023140495867768594,
        "recall": 0.012037833190025795,
        "f1": 0.01583710407239819,
        "tp": 14,
        "fp": 591,
        "fn": 1149,
        "bertscore": {
            "precision": 0.7931227549074451,
            "recall": 0.7806148114661191,
            "f1": 0.7859449772479432
        }
    }
}