{
    "entity": {
        "precision": 0.422680412371134,
        "recall": 0.39467723669309174,
        "f1": 0.408199121522694,
        "tp": 697,
        "fp": 952,
        "fn": 1069,
        "bertscore": {
            "precision": 0.8869230491236141,
            "recall": 0.9036039732232922,
            "f1": 0.8942337477842873
        }
    },
    "relation": {
        "precision": 0.13812154696132597,
        "recall": 0.08598452278589853,
        "f1": 0.10598834128245892,
        "tp": 100,
        "fp": 624,
        "fn": 1063,
        "bertscore": {
            "precision": 0.8059843888887613,
            "recall": 0.8013431139067567,
            "f1": 0.8028233004563431
        }
    }
}