{
    "entity": {
        "precision": 0.5772972972972973,
        "recall": 0.6047565118912798,
        "f1": 0.59070796460177,
        "tp": 1068,
        "fp": 782,
        "fn": 698,
        "bertscore": {
            "precision": 0.9225470372904491,
            "recall": 0.933553225582148,
            "f1": 0.9273806806447016
        }
    },
    "relation": {
        "precision": 0.09480519480519481,
        "recall": 0.06276870163370593,
        "f1": 0.07553026383859286,
        "tp": 73,
        "fp": 697,
        "fn": 1090,
        "bertscore": {
            "precision": 0.8409206013617482,
            "recall": 0.8296786806953362,
            "f1": 0.8346759125606582
        }
    }
}