{
    "materials": {
        "precision": 0.5201072386058981,
        "recall": 0.563953488372093,
        "f1": 0.5411436541143654,
        "tp": 194,
        "fp": 179,
        "fn": 150,
        "bertscore": {
            "precision": 0.8242199283684927,
            "recall": 0.8260904623358042,
            "f1": 0.8249313963006274
        }
    },
    "operations": {
        "precision": 0.8366013071895425,
        "recall": 0.8504983388704319,
        "f1": 0.8434925864909392,
        "tp": 256,
        "fp": 50,
        "fn": 45,
        "bertscore": {
            "precision": 0.9527991528212357,
            "recall": 0.950901370240538,
            "f1": 0.9517749386145765
        }
    },
    "descriptors": {
        "precision": 0.48307692307692307,
        "recall": 0.521594684385382,
        "f1": 0.501597444089457,
        "tp": 157,
        "fp": 168,
        "fn": 144,
        "bertscore": {
            "precision": 0.6944496871479101,
            "recall": 0.6906213938004104,
            "f1": 0.6920076210136304
        }
    },
    "values": {
        "precision": 0.34977578475336324,
        "recall": 0.4727272727272727,
        "f1": 0.4020618556701031,
        "tp": 78,
        "fp": 145,
        "fn": 87,
        "bertscore": {
            "precision": 0.3838617041840383,
            "recall": 0.38684720938847295,
            "f1": 0.3850269219114515
        }
    },
    "properties": {
        "precision": 0.7202797202797203,
        "recall": 0.5049019607843137,
        "f1": 0.5936599423631124,
        "tp": 103,
        "fp": 40,
        "fn": 101,
        "bertscore": {
            "precision": 0.4330407979504374,
            "recall": 0.4314906800553302,
            "f1": 0.43214530573461946
        }
    },
    "devices": {
        "precision": 0.27906976744186046,
        "recall": 0.27586206896551724,
        "f1": 0.27745664739884396,
        "tp": 24,
        "fp": 62,
        "fn": 63,
        "bertscore": {
            "precision": 0.3224787644758587,
            "recall": 0.34247391722612996,
            "f1": 0.331795611504207
        }
    },
    "brands": {
        "precision": 0.7142857142857143,
        "recall": 0.8333333333333334,
        "f1": 0.7692307692307692,
        "tp": 15,
        "fp": 6,
        "fn": 3,
        "bertscore": {
            "precision": 0.08447394935076669,
            "recall": 0.08139584308502658,
            "f1": 0.08277812440123335
        }
    },
    "relation": {
        "precision": 0.4219985621854781,
        "recall": 0.42972181551976574,
        "f1": 0.4258251722887197,
        "tp": 587,
        "fp": 804,
        "fn": 779,
        "bertscore": {
            "precision": 0.9060767015497077,
            "recall": 0.9078076434142395,
            "f1": 0.9065078858847551
        }
    }
}