{
    "materials": {
        "precision": 0.48695652173913045,
        "recall": 0.4883720930232558,
        "f1": 0.48766328011611026,
        "tp": 168,
        "fp": 177,
        "fn": 176,
        "bertscore": {
            "precision": 0.8007680565585493,
            "recall": 0.8121130282513513,
            "f1": 0.8057612381525487
        }
    },
    "operations": {
        "precision": 0.8361204013377926,
        "recall": 0.8305647840531561,
        "f1": 0.8333333333333333,
        "tp": 250,
        "fp": 49,
        "fn": 51,
        "bertscore": {
            "precision": 0.9439547324740646,
            "recall": 0.9435828488011755,
            "f1": 0.9436352987550782
        }
    },
    "descriptors": {
        "precision": 0.5144927536231884,
        "recall": 0.4717607973421927,
        "f1": 0.4922010398613518,
        "tp": 142,
        "fp": 134,
        "fn": 159,
        "bertscore": {
            "precision": 0.6485379431500303,
            "recall": 0.6453852995044319,
            "f1": 0.6464359394646407
        }
    },
    "values": {
        "precision": 0.3458333333333333,
        "recall": 0.503030303030303,
        "f1": 0.40987654320987654,
        "tp": 83,
        "fp": 157,
        "fn": 82,
        "bertscore": {
            "precision": 0.39084127442015365,
            "recall": 0.3935265210384224,
            "f1": 0.3918977545811826
        }
    },
    "properties": {
        "precision": 0.6424242424242425,
        "recall": 0.5196078431372549,
        "f1": 0.5745257452574526,
        "tp": 106,
        "fp": 59,
        "fn": 98,
        "bertscore": {
            "precision": 0.44215711521889006,
            "recall": 0.43906620708888006,
            "f1": 0.44037283107605024
        }
    },
    "devices": {
        "precision": 0.2403846153846154,
        "recall": 0.28735632183908044,
        "f1": 0.2617801047120419,
        "tp": 25,
        "fp": 79,
        "fn": 62,
        "bertscore": {
            "precision": 0.3298288948450579,
            "recall": 0.3509150202108976,
            "f1": 0.3395056500530883
        }
    },
    "brands": {
        "precision": 0.6818181818181818,
        "recall": 0.8333333333333334,
        "f1": 0.7499999999999999,
        "tp": 15,
        "fp": 7,
        "fn": 3,
        "bertscore": {
            "precision": 0.08438399114064722,
            "recall": 0.08098912379085618,
            "f1": 0.08249985991708385
        }
    },
    "relation": {
        "precision": 0.32888540031397173,
        "recall": 0.3067349926793558,
        "f1": 0.3174242424242424,
        "tp": 419,
        "fp": 855,
        "fn": 947,
        "bertscore": {
            "precision": 0.8862610483006402,
            "recall": 0.8979074864531215,
            "f1": 0.8913215410116508
        }
    }
}