{
    "materials": {
        "precision": 0.4467455621301775,
        "recall": 0.438953488372093,
        "f1": 0.4428152492668621,
        "tp": 151,
        "fp": 187,
        "fn": 193,
        "bertscore": {
            "precision": 0.7904408475363282,
            "recall": 0.7940542560962489,
            "f1": 0.7918951013144231
        }
    },
    "operations": {
        "precision": 0.8082191780821918,
        "recall": 0.7840531561461794,
        "f1": 0.7959527824620575,
        "tp": 236,
        "fp": 56,
        "fn": 65,
        "bertscore": {
            "precision": 0.9428197572628657,
            "recall": 0.9400259360571036,
            "f1": 0.9412881990207123
        }
    },
    "descriptors": {
        "precision": 0.5121951219512195,
        "recall": 0.3488372093023256,
        "f1": 0.41501976284584985,
        "tp": 105,
        "fp": 100,
        "fn": 196,
        "bertscore": {
            "precision": 0.635593059578998,
            "recall": 0.6324417304739323,
            "f1": 0.6335707060842706
        }
    },
    "values": {
        "precision": 0.3113207547169811,
        "recall": 0.4,
        "f1": 0.35013262599469497,
        "tp": 66,
        "fp": 146,
        "fn": 99,
        "bertscore": {
            "precision": 0.35133321448927224,
            "recall": 0.3538490370082642,
            "f1": 0.3522564822862079
        }
    },
    "properties": {
        "precision": 0.5343511450381679,
        "recall": 0.3431372549019608,
        "f1": 0.417910447761194,
        "tp": 70,
        "fp": 61,
        "fn": 134,
        "bertscore": {
            "precision": 0.390036839500103,
            "recall": 0.38990986647221865,
            "f1": 0.38987992130536625
        }
    },
    "devices": {
        "precision": 0.26744186046511625,
        "recall": 0.26436781609195403,
        "f1": 0.26589595375722536,
        "tp": 23,
        "fp": 63,
        "fn": 64,
        "bertscore": {
            "precision": 0.32991341823166115,
            "recall": 0.3519495810304979,
            "f1": 0.34014188069891876
        }
    },
    "brands": {
        "precision": 0.6666666666666666,
        "recall": 0.7777777777777778,
        "f1": 0.717948717948718,
        "tp": 14,
        "fp": 7,
        "fn": 4,
        "bertscore": {
            "precision": 0.08299365639686584,
            "recall": 0.0794591021617787,
            "f1": 0.08102368768429596
        }
    },
    "relation": {
        "precision": 0.3476983349657199,
        "recall": 0.25988286969253294,
        "f1": 0.2974444909928781,
        "tp": 355,
        "fp": 666,
        "fn": 1011,
        "bertscore": {
            "precision": 0.9011591536275294,
            "recall": 0.9043209759882068,
            "f1": 0.902153209831939
        }
    }
}