{
    "materials": {
        "precision": 0.4441176470588235,
        "recall": 0.438953488372093,
        "f1": 0.4415204678362573,
        "tp": 151,
        "fp": 189,
        "fn": 193,
        "bertscore": {
            "precision": 0.8077362713626338,
            "recall": 0.810157904398445,
            "f1": 0.8084985992938194
        }
    },
    "operations": {
        "precision": 0.8175438596491228,
        "recall": 0.7740863787375415,
        "f1": 0.795221843003413,
        "tp": 233,
        "fp": 52,
        "fn": 68,
        "bertscore": {
            "precision": 0.9379968148683274,
            "recall": 0.9396891537528711,
            "f1": 0.9385811322420768
        }
    },
    "descriptors": {
        "precision": 0.4074074074074074,
        "recall": 0.3654485049833887,
        "f1": 0.38528896672504376,
        "tp": 110,
        "fp": 160,
        "fn": 191,
        "bertscore": {
            "precision": 0.686685362418226,
            "recall": 0.6872952700361309,
            "f1": 0.6864494574483342
        }
    },
    "values": {
        "precision": 0.24609375,
        "recall": 0.38181818181818183,
        "f1": 0.2992874109263658,
        "tp": 63,
        "fp": 193,
        "fn": 102,
        "bertscore": {
            "precision": 0.3823043545420538,
            "recall": 0.38606439995361846,
            "f1": 0.3838247548308987
        }
    },
    "properties": {
        "precision": 0.4,
        "recall": 0.2647058823529412,
        "f1": 0.3185840707964602,
        "tp": 54,
        "fp": 81,
        "fn": 150,
        "bertscore": {
            "precision": 0.38348952049110296,
            "recall": 0.3814034100946964,
            "f1": 0.38234127907945004
        }
    },
    "devices": {
        "precision": 0.28888888888888886,
        "recall": 0.2988505747126437,
        "f1": 0.29378531073446335,
        "tp": 26,
        "fp": 64,
        "fn": 61,
        "bertscore": {
            "precision": 0.3338603833377761,
            "recall": 0.3568791267055793,
            "f1": 0.3444423561528225
        }
    },
    "brands": {
        "precision": 0.7142857142857143,
        "recall": 0.8333333333333334,
        "f1": 0.7692307692307692,
        "tp": 15,
        "fp": 6,
        "fn": 3,
        "bertscore": {
            "precision": 0.08477454837536652,
            "recall": 0.08252473585557618,
            "f1": 0.08351996781041958
        }
    },
    "relation": {
        "precision": 0.2727272727272727,
        "recall": 0.2130307467057101,
        "f1": 0.23921085080147964,
        "tp": 291,
        "fp": 776,
        "fn": 1075,
        "bertscore": {
            "precision": 0.8845918096077181,
            "recall": 0.891963282211311,
            "f1": 0.8876439316051846
        }
    }
}