{
    "materials": {
        "precision": 0.46153846153846156,
        "recall": 0.4883720930232558,
        "f1": 0.4745762711864407,
        "tp": 168,
        "fp": 196,
        "fn": 176,
        "bertscore": {
            "precision": 0.810308214322985,
            "recall": 0.8163269197609372,
            "f1": 0.8128701549838929
        }
    },
    "operations": {
        "precision": 0.8169934640522876,
        "recall": 0.8305647840531561,
        "f1": 0.8237232289950577,
        "tp": 250,
        "fp": 56,
        "fn": 51,
        "bertscore": {
            "precision": 0.9497533173635769,
            "recall": 0.9468840147024833,
            "f1": 0.9481915075240253
        }
    },
    "descriptors": {
        "precision": 0.478125,
        "recall": 0.5083056478405316,
        "f1": 0.4927536231884058,
        "tp": 153,
        "fp": 167,
        "fn": 148,
        "bertscore": {
            "precision": 0.6923407703704748,
            "recall": 0.6864656782656975,
            "f1": 0.6887558992643751
        }
    },
    "values": {
        "precision": 0.2664233576642336,
        "recall": 0.44242424242424244,
        "f1": 0.3325740318906606,
        "tp": 73,
        "fp": 201,
        "fn": 92,
        "bertscore": {
            "precision": 0.4165931745663585,
            "recall": 0.4185075942282861,
            "f1": 0.4172374268468099
        }
    },
    "properties": {
        "precision": 0.546583850931677,
        "recall": 0.43137254901960786,
        "f1": 0.4821917808219178,
        "tp": 88,
        "fp": 73,
        "fn": 116,
        "bertscore": {
            "precision": 0.4419579319239196,
            "recall": 0.4390640889504879,
            "f1": 0.44038567850387067
        }
    },
    "devices": {
        "precision": 0.25,
        "recall": 0.28735632183908044,
        "f1": 0.26737967914438504,
        "tp": 25,
        "fp": 75,
        "fn": 62,
        "bertscore": {
            "precision": 0.3408671022128205,
            "recall": 0.36045151448889867,
            "f1": 0.35000557127414933
        }
    },
    "brands": {
        "precision": 0.6666666666666666,
        "recall": 0.7777777777777778,
        "f1": 0.717948717948718,
        "tp": 14,
        "fp": 7,
        "fn": 4,
        "bertscore": {
            "precision": 0.08118033829151385,
            "recall": 0.07956245781591274,
            "f1": 0.08001512989101794
        }
    },
    "relation": {
        "precision": 0.32908704883227174,
        "recall": 0.3404099560761347,
        "f1": 0.33465275278877293,
        "tp": 465,
        "fp": 948,
        "fn": 901,
        "bertscore": {
            "precision": 0.8994663849376398,
            "recall": 0.8996078192952024,
            "f1": 0.899003146173059
        }
    }
}