{
    "ZnO": {
        "material_deposited": {
            "precision": 0.9428571428571428,
            "recall": 0.9428571428571428,
            "f1": 0.9428571428571428,
            "tp": 165,
            "fp": 10,
            "fn": 10,
            "bertscore": {
                "precision": 0.9805261955942426,
                "recall": 0.9877441716194153,
                "f1": 0.9836348284993853
            }
        },
        "precursor": {
            "precision": 0.031578947368421054,
            "recall": 0.031578947368421054,
            "f1": 0.031578947368421054,
            "tp": 6,
            "fp": 184,
            "fn": 184,
            "bertscore": {
                "precision": 0.6717246632826955,
                "recall": 0.6658544283164175,
                "f1": 0.6683841024574481
            }
        },
        "coreactant1": {
            "precision": 0.6919191919191919,
            "recall": 0.6919191919191919,
            "f1": 0.6919191919191919,
            "tp": 137,
            "fp": 61,
            "fn": 61,
            "bertscore": {
                "precision": 0.9188273040333179,
                "recall": 0.9091833253400494,
                "f1": 0.912974794555192
            }
        },
        "coreactant2": {
            "precision": 0.6,
            "recall": 0.6,
            "f1": 0.6,
            "tp": 3,
            "fp": 2,
            "fn": 2,
            "bertscore": {
                "precision": 0.8762430429458619,
                "recall": 0.9087032198905944,
                "f1": 0.8912032008171081
            }
        },
        "coreactant3": {
            "precision": 0.0,
            "recall": 0.0,
            "f1": 0.0,
            "tp": 0,
            "fp": 0,
            "fn": 0
        },
        "overall": {
            "precision": 0.5475352112676056,
            "recall": 0.5475352112676056,
            "f1": 0.5475352112676056,
            "tp": 311,
            "fp": 257,
            "fn": 257,
            "bertscore": {
                "precision": 0.8618303014640295,
                "recall": 0.8678712862916191,
                "f1": 0.8640492315822834
            }
        }
    }
}