{
    "ZnO": {
        "material_deposited": {
            "precision": 0.96875,
            "recall": 0.96875,
            "f1": 0.96875,
            "tp": 31,
            "fp": 1,
            "fn": 1,
            "bertscore": {
                "precision": 0.9922848641872406,
                "recall": 0.9936008155345917,
                "f1": 0.9929249454289675
            }
        },
        "precursor": {
            "precision": 0.0625,
            "recall": 0.0625,
            "f1": 0.0625,
            "tp": 2,
            "fp": 30,
            "fn": 30,
            "bertscore": {
                "precision": 0.7794615998864174,
                "recall": 0.7891275715082884,
                "f1": 0.7828953918069601
            }
        },
        "coreactant1": {
            "precision": 0.5,
            "recall": 0.5,
            "f1": 0.5,
            "tp": 18,
            "fp": 18,
            "fn": 18,
            "bertscore": {
                "precision": 0.8427493042416043,
                "recall": 0.831536375814014,
                "f1": 0.8363596581750445
            }
        },
        "coreactant2": {
            "precision": 0.5,
            "recall": 0.5,
            "f1": 0.5,
            "tp": 2,
            "fp": 2,
            "fn": 2,
            "bertscore": {
                "precision": 0.8263645470142365,
                "recall": 0.8373236656188965,
                "f1": 0.8317536413669586
            }
        },
        "coreactant3": {
            "precision": 0.0,
            "recall": 0.0,
            "f1": 0.0,
            "tp": 0,
            "fp": 0,
            "fn": 0
        },
        "overall": {
            "precision": 0.5096153846153846,
            "recall": 0.5096153846153846,
            "f1": 0.5096153846153846,
            "tp": 53,
            "fp": 51,
            "fn": 51,
            "bertscore": {
                "precision": 0.8602150788323747,
                "recall": 0.8628971071189476,
                "f1": 0.8609834091944827
            }
        }
    }
}