{
    "ZnO": {
        "material_deposited": {
            "precision": 0.8754325259515571,
            "recall": 0.8754325259515571,
            "f1": 0.8754325259515571,
            "tp": 506,
            "fp": 72,
            "fn": 72,
            "bertscore": {
                "precision": 0.9581511489866514,
                "recall": 0.9712866297230176,
                "f1": 0.9639692530293779
            }
        },
        "precursor": {
            "precision": 0.011345218800648298,
            "recall": 0.011345218800648298,
            "f1": 0.011345218800648298,
            "tp": 7,
            "fp": 610,
            "fn": 610,
            "bertscore": {
                "precision": 0.6388998005050122,
                "recall": 0.6800599571564983,
                "f1": 0.6581950468800636
            }
        },
        "coreactant1": {
            "precision": 0.5206349206349207,
            "recall": 0.5206349206349207,
            "f1": 0.5206349206349207,
            "tp": 328,
            "fp": 302,
            "fn": 302,
            "bertscore": {
                "precision": 0.8601718453187791,
                "recall": 0.8568061088758802,
                "f1": 0.8572098657725349
            }
        },
        "coreactant2": {
            "precision": 0.07142857142857142,
            "recall": 0.07142857142857142,
            "f1": 0.07142857142857142,
            "tp": 1,
            "fp": 13,
            "fn": 13,
            "bertscore": {
                "precision": 0.6752436246190753,
                "recall": 0.7296349704265594,
                "f1": 0.7008509593350547
            }
        },
        "coreactant3": {
            "precision": 0.0,
            "recall": 0.0,
            "f1": 0.0,
            "tp": 0,
            "fp": 0,
            "fn": 0
        },
        "overall": {
            "precision": 0.4578575312669929,
            "recall": 0.4578575312669929,
            "f1": 0.4578575312669929,
            "tp": 842,
            "fp": 997,
            "fn": 997,
            "bertscore": {
                "precision": 0.7831166048573794,
                "recall": 0.8094469165454888,
                "f1": 0.7950562812542578
            }
        }
    }
}