{
    "ZnO": {
        "material_deposited": {
            "precision": 0.8392370572207084,
            "recall": 0.8392370572207084,
            "f1": 0.8392370572207083,
            "tp": 308,
            "fp": 59,
            "fn": 59,
            "bertscore": {
                "precision": 0.9500809960696612,
                "recall": 0.9610238586849348,
                "f1": 0.9550257229350243
            }
        },
        "precursor": {
            "precision": 0.013793103448275862,
            "recall": 0.013793103448275862,
            "f1": 0.013793103448275862,
            "tp": 6,
            "fp": 429,
            "fn": 429,
            "bertscore": {
                "precision": 0.6444191062587431,
                "recall": 0.6754423696419288,
                "f1": 0.6588934196822944
            }
        },
        "coreactant1": {
            "precision": 0.060674157303370786,
            "recall": 0.060674157303370786,
            "f1": 0.060674157303370786,
            "tp": 27,
            "fp": 418,
            "fn": 418,
            "bertscore": {
                "precision": 0.6582719200782562,
                "recall": 0.5899272193399708,
                "f1": 0.6207230739379197
            }
        },
        "coreactant2": {
            "precision": 0.09090909090909091,
            "recall": 0.09090909090909091,
            "f1": 0.09090909090909091,
            "tp": 2,
            "fp": 20,
            "fn": 20,
            "bertscore": {
                "precision": 0.6607202914628115,
                "recall": 0.6759821772575378,
                "f1": 0.6680814786390825
            }
        },
        "coreactant3": {
            "precision": 0.0,
            "recall": 0.0,
            "f1": 0.0,
            "tp": 0,
            "fp": 0,
            "fn": 0
        },
        "overall": {
            "precision": 0.2702915681639086,
            "recall": 0.2702915681639086,
            "f1": 0.2702915681639086,
            "tp": 343,
            "fp": 926,
            "fn": 926,
            "bertscore": {
                "precision": 0.728373078467368,
                "recall": 0.7255939062310931,
                "f1": 0.7256809237985802
            }
        }
    }
}