{
    "ZnO": {
        "material_deposited": {
            "precision": 0.8888888888888888,
            "recall": 0.8888888888888888,
            "f1": 0.8888888888888888,
            "tp": 168,
            "fp": 21,
            "fn": 21,
            "bertscore": {
                "precision": 0.965658705070536,
                "recall": 0.9755563165144946,
                "f1": 0.9700441738915822
            }
        },
        "precursor": {
            "precision": 0.021551724137931036,
            "recall": 0.021551724137931036,
            "f1": 0.021551724137931036,
            "tp": 5,
            "fp": 227,
            "fn": 227,
            "bertscore": {
                "precision": 0.6595200094683417,
                "recall": 0.6793510492505699,
                "f1": 0.6683697900895414
            }
        },
        "coreactant1": {
            "precision": 0.5201793721973094,
            "recall": 0.5201793721973094,
            "f1": 0.5201793721973094,
            "tp": 116,
            "fp": 107,
            "fn": 107,
            "bertscore": {
                "precision": 0.8619816733582673,
                "recall": 0.8409611066895215,
                "f1": 0.8497443499853793
            }
        },
        "coreactant2": {
            "precision": 0.5,
            "recall": 0.5,
            "f1": 0.5,
            "tp": 3,
            "fp": 3,
            "fn": 3,
            "bertscore": {
                "precision": 0.8305933773517609,
                "recall": 0.8656709790229797,
                "f1": 0.846919596195221
            }
        },
        "coreactant3": {
            "precision": 0.0,
            "recall": 0.0,
            "f1": 0.0,
            "tp": 0,
            "fp": 0,
            "fn": 0
        },
        "overall": {
            "precision": 0.4492307692307692,
            "recall": 0.4492307692307692,
            "f1": 0.4492307692307692,
            "tp": 292,
            "fp": 358,
            "fn": 358,
            "bertscore": {
                "precision": 0.8294384413122264,
                "recall": 0.8403848628693914,
                "f1": 0.833769477540431
            }
        }
    }
}