{
    "ZnO": {
        "material_deposited": {
            "precision": 0.8937329700272479,
            "recall": 0.8937329700272479,
            "f1": 0.8937329700272479,
            "tp": 328,
            "fp": 39,
            "fn": 39,
            "bertscore": {
                "precision": 0.9674974015688051,
                "recall": 0.9743649017583447,
                "f1": 0.9706009165142797
            }
        },
        "precursor": {
            "precision": 0.2896551724137931,
            "recall": 0.2896551724137931,
            "f1": 0.2896551724137931,
            "tp": 126,
            "fp": 309,
            "fn": 309,
            "bertscore": {
                "precision": 0.7443310612234576,
                "recall": 0.7675304730733236,
                "f1": 0.755088214901672
            }
        },
        "coreactant1": {
            "precision": 0.32134831460674157,
            "recall": 0.32134831460674157,
            "f1": 0.32134831460674157,
            "tp": 143,
            "fp": 302,
            "fn": 302,
            "bertscore": {
                "precision": 0.7524723341625728,
                "recall": 0.7047439822320188,
                "f1": 0.7262845083568873
            }
        },
        "coreactant2": {
            "precision": 0.13636363636363635,
            "recall": 0.13636363636363635,
            "f1": 0.13636363636363635,
            "tp": 3,
            "fp": 19,
            "fn": 19,
            "bertscore": {
                "precision": 0.6814599579030817,
                "recall": 0.6999101855538108,
                "f1": 0.6904773305762898
            }
        },
        "coreactant3": {
            "precision": 0.0,
            "recall": 0.0,
            "f1": 0.0,
            "tp": 0,
            "fp": 0,
            "fn": 0
        },
        "overall": {
            "precision": 0.4728132387706856,
            "recall": 0.4728132387706856,
            "f1": 0.4728132387706856,
            "tp": 600,
            "fp": 669,
            "fn": 669,
            "bertscore": {
                "precision": 0.7864401887144793,
                "recall": 0.7866373856543745,
                "f1": 0.7856127425872822
            }
        }
    }
}