{
    "ZnO": {
        "material_deposited": {
            "precision": 0.9349593495934959,
            "recall": 0.9349593495934959,
            "f1": 0.9349593495934959,
            "tp": 230,
            "fp": 16,
            "fn": 16,
            "bertscore": {
                "precision": 0.9793569142740917,
                "recall": 0.985610280821963,
                "f1": 0.9821186913707391
            }
        },
        "precursor": {
            "precision": 0.3015267175572519,
            "recall": 0.3015267175572519,
            "f1": 0.3015267175572519,
            "tp": 79,
            "fp": 183,
            "fn": 183,
            "bertscore": {
                "precision": 0.751326116669269,
                "recall": 0.7734167350612524,
                "f1": 0.7615995994050995
            }
        },
        "coreactant1": {
            "precision": 0.5424354243542435,
            "recall": 0.5424354243542435,
            "f1": 0.5424354243542435,
            "tp": 147,
            "fp": 124,
            "fn": 124,
            "bertscore": {
                "precision": 0.8670892634075066,
                "recall": 0.8425635065319793,
                "f1": 0.8532049768085409
            }
        },
        "coreactant2": {
            "precision": 0.4117647058823529,
            "recall": 0.4117647058823529,
            "f1": 0.4117647058823529,
            "tp": 7,
            "fp": 10,
            "fn": 10,
            "bertscore": {
                "precision": 0.7746425341157352,
                "recall": 0.7942049047526192,
                "f1": 0.7840980396551245
            }
        },
        "coreactant3": {
            "precision": 0.0,
            "recall": 0.0,
            "f1": 0.0,
            "tp": 0,
            "fp": 0,
            "fn": 0
        },
        "overall": {
            "precision": 0.5816582914572864,
            "recall": 0.5816582914572864,
            "f1": 0.5816582914572864,
            "tp": 463,
            "fp": 333,
            "fn": 333,
            "bertscore": {
                "precision": 0.8431037071166506,
                "recall": 0.8489488567919534,
                "f1": 0.845255326809876
            }
        }
    }
}