{
    "ZnO": {
        "material_deposited": {
            "precision": 0.8996539792387543,
            "recall": 0.8996539792387543,
            "f1": 0.8996539792387543,
            "tp": 520,
            "fp": 58,
            "fn": 58,
            "bertscore": {
                "precision": 0.9673759775384487,
                "recall": 0.977266639883543,
                "f1": 0.9717730760161852
            }
        },
        "precursor": {
            "precision": 0.3646677471636953,
            "recall": 0.3646677471636953,
            "f1": 0.3646677471636953,
            "tp": 225,
            "fp": 392,
            "fn": 392,
            "bertscore": {
                "precision": 0.7680610058952962,
                "recall": 0.7940743111520764,
                "f1": 0.7802663140204196
            }
        },
        "coreactant1": {
            "precision": 0.6507936507936508,
            "recall": 0.6507936507936508,
            "f1": 0.6507936507936508,
            "tp": 410,
            "fp": 220,
            "fn": 220,
            "bertscore": {
                "precision": 0.8979659872395652,
                "recall": 0.8958991662377402,
                "f1": 0.8960539865115332
            }
        },
        "coreactant2": {
            "precision": 0.07142857142857142,
            "recall": 0.07142857142857142,
            "f1": 0.07142857142857142,
            "tp": 1,
            "fp": 13,
            "fn": 13,
            "bertscore": {
                "precision": 0.6797863032136645,
                "recall": 0.7322912343910762,
                "f1": 0.7045566993100303
            }
        },
        "coreactant3": {
            "precision": 0.0,
            "recall": 0.0,
            "f1": 0.0,
            "tp": 0,
            "fp": 0,
            "fn": 0
        },
        "overall": {
            "precision": 0.6286025013594345,
            "recall": 0.6286025013594345,
            "f1": 0.6286025013594345,
            "tp": 1156,
            "fp": 683,
            "fn": 683,
            "bertscore": {
                "precision": 0.8282973184717437,
                "recall": 0.849882837916109,
                "f1": 0.8381625189645421
            }
        }
    }
}