{
    "ZnO": {
        "material_deposited": {
            "precision": 0.9417989417989417,
            "recall": 0.9417989417989417,
            "f1": 0.9417989417989417,
            "tp": 178,
            "fp": 11,
            "fn": 11,
            "bertscore": {
                "precision": 0.981323086080097,
                "recall": 0.9877390505144836,
                "f1": 0.9840917010155935
            }
        },
        "precursor": {
            "precision": 0.2629310344827586,
            "recall": 0.2629310344827586,
            "f1": 0.2629310344827586,
            "tp": 61,
            "fp": 171,
            "fn": 171,
            "bertscore": {
                "precision": 0.7429756904984343,
                "recall": 0.7578482835971075,
                "f1": 0.7496411867182831
            }
        },
        "coreactant1": {
            "precision": 0.6457399103139013,
            "recall": 0.6457399103139013,
            "f1": 0.6457399103139013,
            "tp": 144,
            "fp": 79,
            "fn": 79,
            "bertscore": {
                "precision": 0.8998377373934862,
                "recall": 0.8826100199479159,
                "f1": 0.889804761639625
            }
        },
        "coreactant2": {
            "precision": 0.16666666666666666,
            "recall": 0.16666666666666666,
            "f1": 0.16666666666666666,
            "tp": 1,
            "fp": 5,
            "fn": 5,
            "bertscore": {
                "precision": 0.7181322574615479,
                "recall": 0.7623613774776459,
                "f1": 0.7389382521311442
            }
        },
        "coreactant3": {
            "precision": 0.0,
            "recall": 0.0,
            "f1": 0.0,
            "tp": 0,
            "fp": 0,
            "fn": 0
        },
        "overall": {
            "precision": 0.5907692307692308,
            "recall": 0.5907692307692308,
            "f1": 0.5907692307692308,
            "tp": 384,
            "fp": 266,
            "fn": 266,
            "bertscore": {
                "precision": 0.8355671928583913,
                "recall": 0.8476396828842883,
                "f1": 0.8406189753761615
            }
        }
    }
}