{
    "chemicalNames": {
        "precision": 0.6477272727272727,
        "recall": 0.1792452830188679,
        "f1": 0.28078817733990147,
        "tp": 57,
        "fp": 31,
        "fn": 261,
        "bertscore": {
            "precision": 0.9341421962493942,
            "recall": 0.9342618706917006,
            "f1": 0.9338219346094226
        }
    },
    "propertyNames": {
        "precision": 0.4430379746835443,
        "recall": 0.2147239263803681,
        "f1": 0.2892561983471074,
        "tp": 70,
        "fp": 88,
        "fn": 256,
        "bertscore": {
            "precision": 0.8858237920036349,
            "recall": 0.8831119770341086,
            "f1": 0.8843536490115831
        }
    },
    "propertyValues": {
        "precision": 0.3435897435897436,
        "recall": 0.3073394495412844,
        "f1": 0.324455205811138,
        "tp": 67,
        "fp": 128,
        "fn": 151,
        "bertscore": {
            "precision": 0.8850775031358467,
            "recall": 0.8943368291884224,
            "f1": 0.8891736866500359
        }
    },
    "conditions": {
        "precision": 0.10526315789473684,
        "recall": 0.6666666666666666,
        "f1": 0.18181818181818182,
        "tp": 6,
        "fp": 51,
        "fn": 3,
        "bertscore": {
            "precision": 0.24999999503294626,
            "recall": 0.24999999503294626,
            "f1": 0.24999999503294626
        }
    },
    "relation": {
        "precision": 0.1810344827586207,
        "recall": 0.3333333333333333,
        "f1": 0.23463687150837986,
        "tp": 42,
        "fp": 190,
        "fn": 84,
        "bertscore": {
            "precision": 0.8822155585098598,
            "recall": 0.8778037258320385,
            "f1": 0.8796470155318579
        }
    }
}