{
    "entity": {
        "precision": 0.7773333333333333,
        "recall": 0.6602491506228766,
        "f1": 0.7140232700551133,
        "tp": 1166,
        "fp": 334,
        "fn": 600,
        "bertscore": {
            "precision": 0.9645195103113293,
            "recall": 0.9689563026629598,
            "f1": 0.9664244791686757
        }
    },
    "relation": {
        "precision": 0.24405377456049637,
        "recall": 0.20292347377472056,
        "f1": 0.2215962441314554,
        "tp": 236,
        "fp": 731,
        "fn": 927,
        "bertscore": {
            "precision": 0.8953283782781096,
            "recall": 0.886871662377267,
            "f1": 0.8906003155323726
        }
    }
}