{
    "materials": {
        "precision": 0.5738636363636364,
        "recall": 0.5872093023255814,
        "f1": 0.5804597701149425,
        "tp": 202,
        "fp": 150,
        "fn": 142,
        "bertscore": {
            "precision": 0.8244705021695689,
            "recall": 0.8263259100148227,
            "f1": 0.8251972368013825
        }
    },
    "operations": {
        "precision": 0.8239202657807309,
        "recall": 0.8239202657807309,
        "f1": 0.8239202657807309,
        "tp": 248,
        "fp": 53,
        "fn": 53,
        "bertscore": {
            "precision": 0.9448429834789344,
            "recall": 0.9421629276318304,
            "f1": 0.9434236557091642
        }
    },
    "descriptors": {
        "precision": 0.49174917491749176,
        "recall": 0.4950166112956811,
        "f1": 0.4933774834437086,
        "tp": 149,
        "fp": 154,
        "fn": 152,
        "bertscore": {
            "precision": 0.6689575265622741,
            "recall": 0.6656165034293213,
            "f1": 0.6667848032935811
        }
    },
    "values": {
        "precision": 0.37383177570093457,
        "recall": 0.48484848484848486,
        "f1": 0.4221635883905013,
        "tp": 80,
        "fp": 134,
        "fn": 85,
        "bertscore": {
            "precision": 0.3783917474133323,
            "recall": 0.3815600846818782,
            "f1": 0.3796161458358173
        }
    },
    "properties": {
        "precision": 0.8778625954198473,
        "recall": 0.5637254901960784,
        "f1": 0.6865671641791045,
        "tp": 115,
        "fp": 16,
        "fn": 89,
        "bertscore": {
            "precision": 0.42944696326250464,
            "recall": 0.42948980670113956,
            "f1": 0.4293938338889905
        }
    },
    "devices": {
        "precision": 0.2962962962962963,
        "recall": 0.27586206896551724,
        "f1": 0.2857142857142857,
        "tp": 24,
        "fp": 57,
        "fn": 63,
        "bertscore": {
            "precision": 0.31846555894119893,
            "recall": 0.3371085177865338,
            "f1": 0.327208868475835
        }
    },
    "brands": {
        "precision": 0.7142857142857143,
        "recall": 0.8333333333333334,
        "f1": 0.7692307692307692,
        "tp": 15,
        "fp": 6,
        "fn": 3,
        "bertscore": {
            "precision": 0.08386974746748906,
            "recall": 0.08051067130677653,
            "f1": 0.08198885729648923
        }
    },
    "relation": {
        "precision": 0.4849715678310317,
        "recall": 0.43704245973645683,
        "f1": 0.45976126299576436,
        "tp": 597,
        "fp": 634,
        "fn": 769,
        "bertscore": {
            "precision": 0.9174405014777101,
            "recall": 0.9158072943705546,
            "f1": 0.916200887189311
        }
    }
}