{
    "materials": {
        "precision": 0.4885057471264368,
        "recall": 0.4941860465116279,
        "f1": 0.4913294797687861,
        "tp": 170,
        "fp": 178,
        "fn": 174,
        "bertscore": {
            "precision": 0.7993707606423088,
            "recall": 0.8122604955362793,
            "f1": 0.805115417602745
        }
    },
    "operations": {
        "precision": 0.8865979381443299,
        "recall": 0.8571428571428571,
        "f1": 0.8716216216216216,
        "tp": 258,
        "fp": 33,
        "fn": 43,
        "bertscore": {
            "precision": 0.9508361632858614,
            "recall": 0.9498019394658557,
            "f1": 0.9502444146463536
        }
    },
    "descriptors": {
        "precision": 0.5223367697594502,
        "recall": 0.5049833887043189,
        "f1": 0.5135135135135135,
        "tp": 152,
        "fp": 139,
        "fn": 149,
        "bertscore": {
            "precision": 0.6755569564316097,
            "recall": 0.6726048466043184,
            "f1": 0.6735599900852114
        }
    },
    "values": {
        "precision": 0.3346938775510204,
        "recall": 0.49696969696969695,
        "f1": 0.4,
        "tp": 82,
        "fp": 163,
        "fn": 83,
        "bertscore": {
            "precision": 0.3862300632250656,
            "recall": 0.3907103798933477,
            "f1": 0.38813336604260223
        }
    },
    "properties": {
        "precision": 0.8776978417266187,
        "recall": 0.5980392156862745,
        "f1": 0.7113702623906706,
        "tp": 122,
        "fp": 17,
        "fn": 82,
        "bertscore": {
            "precision": 0.4290939680481917,
            "recall": 0.42861980579843456,
            "f1": 0.4288258653225781
        }
    },
    "devices": {
        "precision": 0.24719101123595505,
        "recall": 0.25287356321839083,
        "f1": 0.25,
        "tp": 22,
        "fp": 67,
        "fn": 65,
        "bertscore": {
            "precision": 0.32848486757651807,
            "recall": 0.34855452439929013,
            "f1": 0.33776945202409286
        }
    },
    "brands": {
        "precision": 0.75,
        "recall": 0.8333333333333334,
        "f1": 0.7894736842105262,
        "tp": 15,
        "fp": 5,
        "fn": 3,
        "bertscore": {
            "precision": 0.08377978925736959,
            "recall": 0.08010395201260612,
            "f1": 0.08171059281233974
        }
    },
    "relation": {
        "precision": 0.3584558823529412,
        "recall": 0.28550512445095166,
        "f1": 0.31784841075794623,
        "tp": 390,
        "fp": 698,
        "fn": 976,
        "bertscore": {
            "precision": 0.8909867075360647,
            "recall": 0.9011024838614163,
            "f1": 0.8953574314514551
        }
    }
}