{
    "materials": {
        "precision": 0.5637583892617449,
        "recall": 0.4883720930232558,
        "f1": 0.5233644859813084,
        "tp": 168,
        "fp": 130,
        "fn": 176,
        "bertscore": {
            "precision": 0.7724522244743587,
            "recall": 0.7773735291072453,
            "f1": 0.7746544053423858
        }
    },
    "operations": {
        "precision": 0.8730769230769231,
        "recall": 0.7541528239202658,
        "f1": 0.8092691622103388,
        "tp": 227,
        "fp": 33,
        "fn": 74,
        "bertscore": {
            "precision": 0.8727781503392545,
            "recall": 0.8704589993228316,
            "f1": 0.8715090700843992
        }
    },
    "descriptors": {
        "precision": 0.6242038216560509,
        "recall": 0.32558139534883723,
        "f1": 0.42794759825327516,
        "tp": 98,
        "fp": 59,
        "fn": 203,
        "bertscore": {
            "precision": 0.5607820061562578,
            "recall": 0.5578593286025177,
            "f1": 0.5589854066537263
        }
    },
    "values": {
        "precision": 0.31196581196581197,
        "recall": 0.44242424242424244,
        "f1": 0.3659147869674186,
        "tp": 73,
        "fp": 161,
        "fn": 92,
        "bertscore": {
            "precision": 0.3673785941312777,
            "recall": 0.36849430390785737,
            "f1": 0.3676896928740828
        }
    },
    "properties": {
        "precision": 0.656,
        "recall": 0.4019607843137255,
        "f1": 0.4984802431610942,
        "tp": 82,
        "fp": 43,
        "fn": 122,
        "bertscore": {
            "precision": 0.3881407331100246,
            "recall": 0.38799620341401236,
            "f1": 0.38804310360210853
        }
    },
    "devices": {
        "precision": 0.29577464788732394,
        "recall": 0.2413793103448276,
        "f1": 0.2658227848101266,
        "tp": 21,
        "fp": 50,
        "fn": 66,
        "bertscore": {
            "precision": 0.30868486116663185,
            "recall": 0.3313330425245383,
            "f1": 0.31917138454364713
        }
    },
    "brands": {
        "precision": 0.7894736842105263,
        "recall": 0.8333333333333334,
        "f1": 0.8108108108108109,
        "tp": 15,
        "fp": 4,
        "fn": 3,
        "bertscore": {
            "precision": 0.08377978925736959,
            "recall": 0.08010395201260612,
            "f1": 0.08171059281233974
        }
    },
    "relation": {
        "precision": 0.4295774647887324,
        "recall": 0.2679355783308931,
        "f1": 0.33002705139765554,
        "tp": 366,
        "fp": 486,
        "fn": 1000,
        "bertscore": {
            "precision": 0.8743876076455069,
            "recall": 0.8778513082338121,
            "f1": 0.8756258414619742
        }
    }
}