{
    "materials": {
        "precision": 0.5354609929078015,
        "recall": 0.438953488372093,
        "f1": 0.48242811501597443,
        "tp": 151,
        "fp": 131,
        "fn": 193,
        "bertscore": {
            "precision": 0.7922708349473258,
            "recall": 0.7937904757407954,
            "f1": 0.7924586282547155
        }
    },
    "operations": {
        "precision": 0.8888888888888888,
        "recall": 0.717607973421927,
        "f1": 0.7941176470588235,
        "tp": 216,
        "fp": 27,
        "fn": 85,
        "bertscore": {
            "precision": 0.8928028108822953,
            "recall": 0.891611290964771,
            "f1": 0.8921048672273922
        }
    },
    "descriptors": {
        "precision": 0.4312796208530806,
        "recall": 0.3023255813953488,
        "f1": 0.35546875,
        "tp": 91,
        "fp": 120,
        "fn": 210,
        "bertscore": {
            "precision": 0.6578788512171782,
            "recall": 0.6565771654614934,
            "f1": 0.6567259721041259
        }
    },
    "values": {
        "precision": 0.321285140562249,
        "recall": 0.48484848484848486,
        "f1": 0.3864734299516908,
        "tp": 80,
        "fp": 169,
        "fn": 85,
        "bertscore": {
            "precision": 0.39207321329404843,
            "recall": 0.3957171211173337,
            "f1": 0.39364180612884114
        }
    },
    "properties": {
        "precision": 0.736,
        "recall": 0.45098039215686275,
        "f1": 0.5592705167173253,
        "tp": 92,
        "fp": 33,
        "fn": 112,
        "bertscore": {
            "precision": 0.41642891513954605,
            "recall": 0.41616196250355486,
            "f1": 0.4161938269199674
        }
    },
    "devices": {
        "precision": 0.275,
        "recall": 0.25287356321839083,
        "f1": 0.2634730538922156,
        "tp": 22,
        "fp": 58,
        "fn": 65,
        "bertscore": {
            "precision": 0.3266319453849622,
            "recall": 0.34897579256053474,
            "f1": 0.33691679111263095
        }
    },
    "brands": {
        "precision": 0.7142857142857143,
        "recall": 0.8333333333333334,
        "f1": 0.7692307692307692,
        "tp": 15,
        "fp": 6,
        "fn": 3,
        "bertscore": {
            "precision": 0.08386974746748906,
            "recall": 0.08051067130677653,
            "f1": 0.08198885729648923
        }
    },
    "relation": {
        "precision": 0.32456140350877194,
        "recall": 0.18960468521229867,
        "f1": 0.23937153419593343,
        "tp": 259,
        "fp": 539,
        "fn": 1107,
        "bertscore": {
            "precision": 0.8781076163883215,
            "recall": 0.884544173296244,
            "f1": 0.880867827228161
        }
    }
}