{
    "materials": {
        "precision": 0.3505747126436782,
        "recall": 0.3546511627906977,
        "f1": 0.35260115606936415,
        "tp": 122,
        "fp": 226,
        "fn": 222,
        "bertscore": {
            "precision": 0.7400948844366693,
            "recall": 0.7408738228298674,
            "f1": 0.7392942871823407
        }
    },
    "operations": {
        "precision": 0.7709090909090909,
        "recall": 0.7043189368770764,
        "f1": 0.736111111111111,
        "tp": 212,
        "fp": 63,
        "fn": 89,
        "bertscore": {
            "precision": 0.9302064266514192,
            "recall": 0.9293167899652348,
            "f1": 0.9296636511948817
        }
    },
    "descriptors": {
        "precision": 0.36796536796536794,
        "recall": 0.2823920265780731,
        "f1": 0.31954887218045114,
        "tp": 85,
        "fp": 146,
        "fn": 216,
        "bertscore": {
            "precision": 0.5923258901975833,
            "recall": 0.5958778317609357,
            "f1": 0.593529549707769
        }
    },
    "values": {
        "precision": 0.22844827586206898,
        "recall": 0.3212121212121212,
        "f1": 0.26700251889168763,
        "tp": 53,
        "fp": 179,
        "fn": 112,
        "bertscore": {
            "precision": 0.35941282669769836,
            "recall": 0.36674239164764183,
            "f1": 0.36254602173964184
        }
    },
    "properties": {
        "precision": 0.4046242774566474,
        "recall": 0.3431372549019608,
        "f1": 0.3713527851458886,
        "tp": 70,
        "fp": 103,
        "fn": 134,
        "bertscore": {
            "precision": 0.489775334828652,
            "recall": 0.48500900233885313,
            "f1": 0.4872226668417587
        }
    },
    "devices": {
        "precision": 0.20224719101123595,
        "recall": 0.20689655172413793,
        "f1": 0.20454545454545453,
        "tp": 18,
        "fp": 71,
        "fn": 69,
        "bertscore": {
            "precision": 0.31288206503961974,
            "recall": 0.3290060221882208,
            "f1": 0.32014081288770807
        }
    },
    "brands": {
        "precision": 0.4411764705882353,
        "recall": 0.8333333333333334,
        "f1": 0.576923076923077,
        "tp": 15,
        "fp": 19,
        "fn": 3,
        "bertscore": {
            "precision": 0.08386974746748906,
            "recall": 0.08051067130677653,
            "f1": 0.08198885729648923
        }
    },
    "relation": {
        "precision": 0.22736842105263158,
        "recall": 0.1581259150805271,
        "f1": 0.18652849740932645,
        "tp": 216,
        "fp": 734,
        "fn": 1150,
        "bertscore": {
            "precision": 0.855954484119992,
            "recall": 0.8648838035970007,
            "f1": 0.8594311516404896
        }
    }
}