{
    "materials": {
        "precision": 0.5214899713467048,
        "recall": 0.5290697674418605,
        "f1": 0.5252525252525253,
        "tp": 182,
        "fp": 167,
        "fn": 162,
        "bertscore": {
            "precision": 0.8147823812691842,
            "recall": 0.8229659483784416,
            "f1": 0.8183841015382787
        }
    },
    "operations": {
        "precision": 0.8312101910828026,
        "recall": 0.867109634551495,
        "f1": 0.8487804878048781,
        "tp": 261,
        "fp": 53,
        "fn": 40,
        "bertscore": {
            "precision": 0.9474016860694159,
            "recall": 0.944497013918772,
            "f1": 0.9458488971995027
        }
    },
    "descriptors": {
        "precision": 0.45182724252491696,
        "recall": 0.45182724252491696,
        "f1": 0.45182724252491696,
        "tp": 136,
        "fp": 165,
        "fn": 165,
        "bertscore": {
            "precision": 0.700136749749749,
            "recall": 0.6935107823186273,
            "f1": 0.6963063800961645
        }
    },
    "values": {
        "precision": 0.2669172932330827,
        "recall": 0.4303030303030303,
        "f1": 0.3294663573085847,
        "tp": 71,
        "fp": 195,
        "fn": 94,
        "bertscore": {
            "precision": 0.39962482696411594,
            "recall": 0.4029852329998894,
            "f1": 0.400839517363423
        }
    },
    "properties": {
        "precision": 0.7191780821917808,
        "recall": 0.5147058823529411,
        "f1": 0.6,
        "tp": 105,
        "fp": 41,
        "fn": 99,
        "bertscore": {
            "precision": 0.4468272224702024,
            "recall": 0.44568894103469464,
            "f1": 0.4462180602670516
        }
    },
    "devices": {
        "precision": 0.33695652173913043,
        "recall": 0.3563218390804598,
        "f1": 0.34636871508379885,
        "tp": 31,
        "fp": 61,
        "fn": 56,
        "bertscore": {
            "precision": 0.34611474900971057,
            "recall": 0.362622368589077,
            "f1": 0.3537961983307363
        }
    },
    "brands": {
        "precision": 0.6818181818181818,
        "recall": 0.8333333333333334,
        "f1": 0.7499999999999999,
        "tp": 15,
        "fp": 7,
        "fn": 3,
        "bertscore": {
            "precision": 0.08438399194070957,
            "recall": 0.08098912459091852,
            "f1": 0.08249986071714618
        }
    },
    "relation": {
        "precision": 0.35639880952380953,
        "recall": 0.3506588579795022,
        "f1": 0.35350553505535054,
        "tp": 479,
        "fp": 865,
        "fn": 887,
        "bertscore": {
            "precision": 0.9041100343142018,
            "recall": 0.9050114952035613,
            "f1": 0.9040186663057499
        }
    }
}