{
    "entity": {
        "precision": 0.8362619808306709,
        "recall": 0.44925981549023813,
        "f1": 0.5845080251221214,
        "tp": 2094,
        "fp": 410,
        "fn": 2567,
        "bertscore": {
            "precision": 0.9706311625204781,
            "recall": 0.9754044268821694,
            "f1": 0.9727892229083986
        }
    },
    "relation": {
        "precision": 0.6611226611226612,
        "recall": 0.5966228893058161,
        "f1": 0.6272189349112425,
        "tp": 636,
        "fp": 326,
        "fn": 430,
        "bertscore": {
            "precision": 0.9900694744953561,
            "recall": 0.9899917617214103,
            "f1": 0.9900277273034765
        }
    }
}