{
    "entity": {
        "precision": 0.7848605577689243,
        "recall": 0.6693091732729332,
        "f1": 0.7224938875305623,
        "tp": 1182,
        "fp": 324,
        "fn": 584,
        "bertscore": {
            "precision": 0.9687885149101433,
            "recall": 0.9734949762558084,
            "f1": 0.9708441011308779
        }
    },
    "relation": {
        "precision": 0.1633085896076352,
        "recall": 0.13241616509028376,
        "f1": 0.1462488129154796,
        "tp": 154,
        "fp": 789,
        "fn": 1009,
        "bertscore": {
            "precision": 0.8653204464143248,
            "recall": 0.8587248865653756,
            "f1": 0.8613673610992799
        }
    }
}