{
    "entity": {
        "precision": 0.6692913385826772,
        "recall": 0.5775764439411099,
        "f1": 0.6200607902735562,
        "tp": 1020,
        "fp": 504,
        "fn": 746,
        "bertscore": {
            "precision": 0.9497273307101622,
            "recall": 0.9587409347864257,
            "f1": 0.953729991805277
        }
    },
    "relation": {
        "precision": 0.002364066193853428,
        "recall": 0.0008598452278589854,
        "f1": 0.0012610340479192938,
        "tp": 1,
        "fp": 422,
        "fn": 1162,
        "bertscore": {
            "precision": 0.7930720220620089,
            "recall": 0.7872781236862231,
            "f1": 0.7895356048437695
        }
    }
}