{
    "entity": {
        "precision": 0.5799859055673009,
        "recall": 0.46602491506228766,
        "f1": 0.5167974882260596,
        "tp": 823,
        "fp": 596,
        "fn": 943,
        "bertscore": {
            "precision": 0.9214907652208784,
            "recall": 0.9302425927821583,
            "f1": 0.9251984137984628
        }
    },
    "relation": {
        "precision": 0.030162412993039442,
        "recall": 0.01117798796216681,
        "f1": 0.01631116687578419,
        "tp": 13,
        "fp": 418,
        "fn": 1150,
        "bertscore": {
            "precision": 0.7830594711034393,
            "recall": 0.7718627047355342,
            "f1": 0.7766748807698509
        }
    }
}