{
    "entity": {
        "precision": 0.6191756272401434,
        "recall": 0.3912797281993205,
        "f1": 0.47952810548230396,
        "tp": 691,
        "fp": 425,
        "fn": 1075,
        "bertscore": {
            "precision": 0.9200951444549628,
            "recall": 0.9302223562839512,
            "f1": 0.9244215612236094
        }
    },
    "relation": {
        "precision": 0.015985790408525755,
        "recall": 0.007738607050730868,
        "f1": 0.010428736964078795,
        "tp": 9,
        "fp": 554,
        "fn": 1154,
        "bertscore": {
            "precision": 0.7744385939802743,
            "recall": 0.7613593893395186,
            "f1": 0.7667893937897761
        }
    }
}