{
    "entity": {
        "precision": 0.422680412371134,
        "recall": 0.39467723669309174,
        "f1": 0.408199121522694,
        "tp": 697,
        "fp": 952,
        "fn": 1069,
        "bertscore": {
            "precision": 0.8869230500101223,
            "recall": 0.9036039735365933,
            "f1": 0.8942337483327851
        }
    },
    "relation": {
        "precision": 0.13812154696132597,
        "recall": 0.08598452278589853,
        "f1": 0.10598834128245892,
        "tp": 100,
        "fp": 624,
        "fn": 1063,
        "bertscore": {
            "precision": 0.8059843892870288,
            "recall": 0.8013431134412728,
            "f1": 0.8028233007101144
        }
    }
}