{
    "entity": {
        "precision": 0.5613562970936491,
        "recall": 0.5906002265005662,
        "f1": 0.57560706401766,
        "tp": 1043,
        "fp": 815,
        "fn": 723,
        "bertscore": {
            "precision": 0.9212939923286334,
            "recall": 0.9311984635789262,
            "f1": 0.9255750137658789
        }
    },
    "relation": {
        "precision": 0.09126466753585398,
        "recall": 0.06018916595012898,
        "f1": 0.07253886010362695,
        "tp": 70,
        "fp": 697,
        "fn": 1093,
        "bertscore": {
            "precision": 0.8405005112297137,
            "recall": 0.8217377771824771,
            "f1": 0.8302365676914192
        }
    }
}