{
    "ZnO": {
        "material_deposited": {
            "precision": 0.9771428571428571,
            "recall": 0.9771428571428571,
            "f1": 0.9771428571428571,
            "tp": 171,
            "fp": 4,
            "fn": 4,
            "bertscore": {
                "precision": 0.9935614500726972,
                "recall": 0.995390967982156,
                "f1": 0.9943889209202358
            }
        },
        "precursor": {
            "precision": 0.28421052631578947,
            "recall": 0.28421052631578947,
            "f1": 0.28421052631578947,
            "tp": 54,
            "fp": 136,
            "fn": 136,
            "bertscore": {
                "precision": 0.7610015301327956,
                "recall": 0.7554316997528077,
                "f1": 0.7578854582811657
            }
        },
        "coreactant1": {
            "precision": 0.7777777777777778,
            "recall": 0.7777777777777778,
            "f1": 0.7777777777777778,
            "tp": 154,
            "fp": 44,
            "fn": 44,
            "bertscore": {
                "precision": 0.9405810417550983,
                "recall": 0.9342734459975753,
                "f1": 0.9365368011322889
            }
        },
        "coreactant2": {
            "precision": 0.6,
            "recall": 0.6,
            "f1": 0.6,
            "tp": 3,
            "fp": 2,
            "fn": 2,
            "bertscore": {
                "precision": 0.8762430429458619,
                "recall": 0.9087032198905944,
                "f1": 0.8912032008171081
            }
        },
        "coreactant3": {
            "precision": 0.0,
            "recall": 0.0,
            "f1": 0.0,
            "tp": 0,
            "fp": 0,
            "fn": 0
        },
        "overall": {
            "precision": 0.6725352112676056,
            "recall": 0.6725352112676056,
            "f1": 0.6725352112676056,
            "tp": 382,
            "fp": 186,
            "fn": 186,
            "bertscore": {
                "precision": 0.8928467662266133,
                "recall": 0.8984498334057833,
                "f1": 0.8950035952876996
            }
        }
    }
}