{
    "materials": {
        "precision": 0.7566765578635015,
        "recall": 0.7412790697674418,
        "f1": 0.748898678414097,
        "tp": 255,
        "fp": 82,
        "fn": 89,
        "bertscore": {
            "precision": 0.8611218291060084,
            "recall": 0.8606930236012152,
            "f1": 0.8607600068981254
        }
    },
    "operations": {
        "precision": 0.9114391143911439,
        "recall": 0.8205980066445183,
        "f1": 0.8636363636363636,
        "tp": 247,
        "fp": 24,
        "fn": 54,
        "bertscore": {
            "precision": 0.9540155233952823,
            "recall": 0.953681837058974,
            "f1": 0.9538391018473862
        }
    },
    "descriptors": {
        "precision": 0.6786885245901639,
        "recall": 0.6877076411960132,
        "f1": 0.6831683168316831,
        "tp": 207,
        "fp": 98,
        "fn": 94,
        "bertscore": {
            "precision": 0.7301934956399424,
            "recall": 0.7301552222379102,
            "f1": 0.7300883318430016
        }
    },
    "values": {
        "precision": 0.5265700483091788,
        "recall": 0.6606060606060606,
        "f1": 0.586021505376344,
        "tp": 109,
        "fp": 98,
        "fn": 56,
        "bertscore": {
            "precision": 0.44220486469507286,
            "recall": 0.4427534570287081,
            "f1": 0.4424469936214037
        }
    },
    "properties": {
        "precision": 0.9692307692307692,
        "recall": 0.6176470588235294,
        "f1": 0.7544910179640718,
        "tp": 126,
        "fp": 4,
        "fn": 78,
        "bertscore": {
            "precision": 0.4452669664850704,
            "recall": 0.44471356869410616,
            "f1": 0.4449709544512516
        }
    },
    "devices": {
        "precision": 0.8172043010752689,
        "recall": 0.8735632183908046,
        "f1": 0.8444444444444446,
        "tp": 76,
        "fp": 17,
        "fn": 11,
        "bertscore": {
            "precision": 0.39426282268242546,
            "recall": 0.3946170676207916,
            "f1": 0.3944235696088548
        }
    },
    "brands": {
        "precision": 0.9,
        "recall": 1.0,
        "f1": 0.9473684210526316,
        "tp": 18,
        "fp": 2,
        "fn": 0,
        "bertscore": {
            "precision": 0.08724831954744838,
            "recall": 0.08724831954744838,
            "f1": 0.08724831954744838
        }
    },
    "relation": {
        "precision": 0.5014513788098693,
        "recall": 0.5058565153733529,
        "f1": 0.5036443148688047,
        "tp": 691,
        "fp": 687,
        "fn": 675,
        "bertscore": {
            "precision": 0.9163405873651526,
            "recall": 0.9176327394286591,
            "f1": 0.9165078875554246
        }
    }
}