{
    "IGZO": {
        "material_deposited": {
            "precision": 0.35714285714285715,
            "recall": 0.35714285714285715,
            "f1": 0.35714285714285715,
            "tp": 15,
            "fp": 27,
            "fn": 27,
            "bertscore": {
                "precision": 0.7589408925601414,
                "recall": 0.7883105973402659,
                "f1": 0.7728730794929323
            }
        },
        "precursor1": {
            "precision": 0.0,
            "recall": 0.0,
            "f1": 0.0,
            "tp": 0,
            "fp": 107,
            "fn": 107,
            "bertscore": {
                "precision": 0.5987268730858776,
                "recall": 0.6263459218996708,
                "f1": 0.6104456659789398
            }
        },
        "precursor2": {
            "precision": 0.0,
            "recall": 0.0,
            "f1": 0.0,
            "tp": 0,
            "fp": 107,
            "fn": 107,
            "bertscore": {
                "precision": 0.5497300454946322,
                "recall": 0.6014412858775843,
                "f1": 0.5731962693628864
            }
        },
        "precursor3": {
            "precision": 0.0,
            "recall": 0.0,
            "f1": 0.0,
            "tp": 0,
            "fp": 107,
            "fn": 107,
            "bertscore": {
                "precision": 0.6182689758661751,
                "recall": 0.6683915413428689,
                "f1": 0.6408531225730325
            }
        },
        "coreactant": {
            "precision": 0.6597938144329897,
            "recall": 0.6597938144329897,
            "f1": 0.6597938144329897,
            "tp": 64,
            "fp": 33,
            "fn": 33,
            "bertscore": {
                "precision": 0.9136384018917674,
                "recall": 0.928913170529395,
                "f1": 0.920955523387673
            }
        },
        "overall": {
            "precision": 0.17173913043478262,
            "recall": 0.17173913043478262,
            "f1": 0.17173913043478262,
            "tp": 79,
            "fp": 381,
            "fn": 381,
            "bertscore": {
                "precision": 0.6878610377797187,
                "recall": 0.722680503397957,
                "f1": 0.7036647321590928
            }
        }
    }
}