{
    "IGZO": {
        "material_deposited": {
            "precision": 0.7857142857142857,
            "recall": 0.7857142857142857,
            "f1": 0.7857142857142857,
            "tp": 11,
            "fp": 3,
            "fn": 3,
            "bertscore": {
                "precision": 0.9129234509808677,
                "recall": 0.9250482405935015,
                "f1": 0.9186232302870069
            }
        },
        "precursor1": {
            "precision": 0.0,
            "recall": 0.0,
            "f1": 0.0,
            "tp": 0,
            "fp": 40,
            "fn": 40,
            "bertscore": {
                "precision": 0.6014045044779778,
                "recall": 0.5733921512961387,
                "f1": 0.5855022490024566
            }
        },
        "precursor2": {
            "precision": 0.0,
            "recall": 0.0,
            "f1": 0.0,
            "tp": 0,
            "fp": 40,
            "fn": 40,
            "bertscore": {
                "precision": 0.590054914355278,
                "recall": 0.6066937997937203,
                "f1": 0.597891841828823
            }
        },
        "precursor3": {
            "precision": 0.0,
            "recall": 0.0,
            "f1": 0.0,
            "tp": 0,
            "fp": 40,
            "fn": 40,
            "bertscore": {
                "precision": 0.6575338259339333,
                "recall": 0.6578324317932129,
                "f1": 0.6573052451014518
            }
        },
        "coreactant": {
            "precision": 0.7714285714285715,
            "recall": 0.7714285714285715,
            "f1": 0.7714285714285715,
            "tp": 27,
            "fp": 8,
            "fn": 8,
            "bertscore": {
                "precision": 0.9483286874634879,
                "recall": 0.9427396859441485,
                "f1": 0.9453901750700814
            }
        },
        "overall": {
            "precision": 0.22485207100591717,
            "recall": 0.22485207100591717,
            "f1": 0.22485207100591717,
            "tp": 38,
            "fp": 131,
            "fn": 131,
            "bertscore": {
                "precision": 0.7420490766423089,
                "recall": 0.7411412618841444,
                "f1": 0.7409425482579639
            }
        }
    }
}