{
    "IGZO": {
        "material_deposited": {
            "precision": 0.4375,
            "recall": 0.4375,
            "f1": 0.4375,
            "tp": 7,
            "fp": 9,
            "fn": 9,
            "bertscore": {
                "precision": 0.7767071537673473,
                "recall": 0.8106003031134605,
                "f1": 0.792290311306715
            }
        },
        "precursor1": {
            "precision": 0.0,
            "recall": 0.0,
            "f1": 0.0,
            "tp": 0,
            "fp": 45,
            "fn": 45,
            "bertscore": {
                "precision": 0.5888119498888652,
                "recall": 0.607065835263994,
                "f1": 0.5968558179007636
            }
        },
        "precursor2": {
            "precision": 0.0,
            "recall": 0.0,
            "f1": 0.0,
            "tp": 0,
            "fp": 45,
            "fn": 45,
            "bertscore": {
                "precision": 0.5380333191818661,
                "recall": 0.5886968281533983,
                "f1": 0.560273489024904
            }
        },
        "precursor3": {
            "precision": 0.0,
            "recall": 0.0,
            "f1": 0.0,
            "tp": 0,
            "fp": 45,
            "fn": 45,
            "bertscore": {
                "precision": 0.601537968715032,
                "recall": 0.6498844279183282,
                "f1": 0.6230441398090787
            }
        },
        "coreactant": {
            "precision": 0.4594594594594595,
            "recall": 0.4594594594594595,
            "f1": 0.4594594594594595,
            "tp": 17,
            "fp": 20,
            "fn": 20,
            "bertscore": {
                "precision": 0.8642237250869339,
                "recall": 0.8847341166960226,
                "f1": 0.8738501877398104
            }
        },
        "overall": {
            "precision": 0.1276595744680851,
            "recall": 0.1276595744680851,
            "f1": 0.1276595744680851,
            "tp": 24,
            "fp": 164,
            "fn": 164,
            "bertscore": {
                "precision": 0.6738628233280088,
                "recall": 0.7081963022290407,
                "f1": 0.6892627891562544
            }
        }
    }
}