{
    "IGZO": {
        "material_deposited": {
            "precision": 0.5714285714285714,
            "recall": 0.5714285714285714,
            "f1": 0.5714285714285714,
            "tp": 8,
            "fp": 6,
            "fn": 6,
            "bertscore": {
                "precision": 0.839385198695319,
                "recall": 0.8601545691490173,
                "f1": 0.849278484072004
            }
        },
        "precursor1": {
            "precision": 0.0,
            "recall": 0.0,
            "f1": 0.0,
            "tp": 0,
            "fp": 43,
            "fn": 43,
            "bertscore": {
                "precision": 0.5993521962054941,
                "recall": 0.633000114629435,
                "f1": 0.6143223407656647
            }
        },
        "precursor2": {
            "precision": 0.0,
            "recall": 0.0,
            "f1": 0.0,
            "tp": 0,
            "fp": 43,
            "fn": 43,
            "bertscore": {
                "precision": 0.5451748017654863,
                "recall": 0.5958265495854754,
                "f1": 0.5676735050456468
            }
        },
        "precursor3": {
            "precision": 0.0,
            "recall": 0.0,
            "f1": 0.0,
            "tp": 0,
            "fp": 43,
            "fn": 43,
            "bertscore": {
                "precision": 0.6152668844821841,
                "recall": 0.6685520632322445,
                "f1": 0.6392551022906636
            }
        },
        "coreactant": {
            "precision": 0.5526315789473685,
            "recall": 0.5526315789473685,
            "f1": 0.5526315789473685,
            "tp": 21,
            "fp": 17,
            "fn": 17,
            "bertscore": {
                "precision": 0.884557339705919,
                "recall": 0.897826855119906,
                "f1": 0.8907522449367925
            }
        },
        "overall": {
            "precision": 0.16022099447513813,
            "recall": 0.16022099447513813,
            "f1": 0.16022099447513813,
            "tp": 29,
            "fp": 152,
            "fn": 152,
            "bertscore": {
                "precision": 0.6967472841708805,
                "recall": 0.7310720303432157,
                "f1": 0.7122563354221543
            }
        }
    }
}