{
    "IGZO": {
        "material_deposited": {
            "precision": 0.7037037037037037,
            "recall": 0.7037037037037037,
            "f1": 0.7037037037037037,
            "tp": 19,
            "fp": 8,
            "fn": 8,
            "bertscore": {
                "precision": 0.8811384527771561,
                "recall": 0.9024054606755575,
                "f1": 0.8910801785963552
            }
        },
        "precursor1": {
            "precision": 0.0,
            "recall": 0.0,
            "f1": 0.0,
            "tp": 0,
            "fp": 79,
            "fn": 79,
            "bertscore": {
                "precision": 0.5935077142866352,
                "recall": 0.6101230194297018,
                "f1": 0.6005371427988704
            }
        },
        "precursor2": {
            "precision": 0.0,
            "recall": 0.0,
            "f1": 0.0,
            "tp": 0,
            "fp": 79,
            "fn": 79,
            "bertscore": {
                "precision": 0.5421592072595524,
                "recall": 0.5943413769142537,
                "f1": 0.5650379031519347
            }
        },
        "precursor3": {
            "precision": 0.0,
            "recall": 0.0,
            "f1": 0.0,
            "tp": 0,
            "fp": 79,
            "fn": 79,
            "bertscore": {
                "precision": 0.598631611730479,
                "recall": 0.6469361427464063,
                "f1": 0.6202678876587108
            }
        },
        "coreactant": {
            "precision": 0.5333333333333333,
            "recall": 0.5333333333333333,
            "f1": 0.5333333333333333,
            "tp": 24,
            "fp": 21,
            "fn": 21,
            "bertscore": {
                "precision": 0.8793578876389397,
                "recall": 0.8997700677977668,
                "f1": 0.8891350097126431
            }
        },
        "overall": {
            "precision": 0.13915857605177995,
            "recall": 0.13915857605177995,
            "f1": 0.13915857605177995,
            "tp": 43,
            "fp": 266,
            "fn": 266,
            "bertscore": {
                "precision": 0.6989589747385525,
                "recall": 0.7307152135127373,
                "f1": 0.7132116243837029
            }
        }
    }
}